10000000,100000,0.5,0,19666
10000000,100000,0.5,0,17441
10000000,100000,0.5,0,21508
10000000,100000,0.5,0,20284
10000000,100000,0.5,0,24699
10000000,100000,0.5,0,18395
10000000,100000,0.5,0,17501
10000000,100000,0.5,0,17466
10000000,100000,0.5,0,19135
10000000,100000,0.5,0,16919
10000000,100000,0.5,0,18659
10000000,100000,0.5,0,16888
10000000,100000,0.5,0,17791
10000000,100000,0.5,0,17894
10000000,100000,0.5,0,16989
10000000,100000,0.5,0,16502
10000000,100000,0.5,0,17274
10000000,100000,0.5,0,16577
10000000,100000,0.5,0,17009
10000000,100000,0.5,0,16879
10000000,100000,0.5,0,17394
10000000,100000,0.5,0,17481
10000000,100000,0.5,0,17903
10000000,100000,0.5,0,17766
10000000,100000,0.5,0,16515
10000000,100000,0.5,0,16805
10000000,100000,0.5,0,16804
10000000,100000,0.5,0,16694
10000000,100000,0.5,0,16225
10000000,100000,0.5,0,16674
10000000,100000,0.5,0,16413
10000000,100000,0.5,0,16788
10000000,100000,0.5,0,16920
10000000,100000,0.5,0,16465
10000000,100000,0.5,0,16502
10000000,100000,0.5,0,16561
10000000,100000,0.5,0,16714
10000000,100000,0.5,0,17265
10000000,100000,0.5,0,16861
10000000,100000,0.5,0,17049
10000000,100000,0.5,0,16839
10000000,100000,0.5,0,16388
10000000,100000,0.5,0,18039
10000000,100000,0.5,0,16235
10000000,100000,0.5,0,18317
10000000,100000,0.5,0,16111
10000000,100000,0.5,0,16758
10000000,100000,0.5,0,16473
10000000,100000,0.5,0,16258
10000000,100000,0.5,0,17095
10000000,100000,0.5,0,16331
10000000,100000,0.5,0,16256
10000000,100000,0.5,0,19725
10000000,100000,0.5,0,19473
10000000,100000,0.5,0,20267
10000000,100000,0.5,0,19927
10000000,100000,0.5,0,19566
10000000,100000,0.5,0,18059
10000000,100000,0.5,0,24168
10000000,100000,0.5,0,18346
10000000,100000,0.5,0,19629
10000000,100000,0.5,0,24518
10000000,100000,0.5,0,19590
10000000,100000,0.5,0,23482
10000000,100000,0.5,0,16645
10000000,100000,0.5,0,17168
10000000,100000,0.5,0,16748
10000000,100000,0.5,0,17833
10000000,100000,0.5,0,18975
10000000,100000,0.5,0,22232
10000000,100000,0.5,0,21470
10000000,100000,0.5,0,20679
10000000,100000,0.5,0,18755
10000000,100000,0.5,0,23102
10000000,100000,0.5,0,18599
10000000,100000,0.5,0,16331
10000000,100000,0.5,0,17564
10000000,100000,0.5,0,17751
10000000,100000,0.5,0,18492
10000000,100000,0.5,0,18135
10000000,100000,0.5,0,16670
10000000,100000,0.5,0,16726
10000000,100000,0.5,0,17215
10000000,100000,0.5,0,19345
10000000,100000,0.5,0,20914
10000000,100000,0.5,0,24552
10000000,100000,0.5,0,17789
10000000,100000,0.5,0,23342
10000000,100000,0.5,0,24406
10000000,100000,0.5,0,17813
10000000,100000,0.5,0,18581
10000000,100000,0.5,0,17402
10000000,100000,0.5,0,18883
10000000,100000,0.5,0,16622
10000000,100000,0.5,0,17245
10000000,100000,0.5,0,17115
10000000,100000,0.5,0,18221
10000000,100000,0.5,0,18513
10000000,100000,0.5,0,16884
10000000,100000,0.5,0,16407
10000000,100000,0.5,2,17061
10000000,100000,0.5,2,22792
10000000,100000,0.5,2,17027
10000000,100000,0.5,2,16991
10000000,100000,0.5,2,16663
10000000,100000,0.5,2,16254
10000000,100000,0.5,2,16008
10000000,100000,0.5,2,16761
10000000,100000,0.5,2,18327
10000000,100000,0.5,2,16862
10000000,100000,0.5,2,16466
10000000,100000,0.5,2,16101
10000000,100000,0.5,2,17502
10000000,100000,0.5,2,16080
10000000,100000,0.5,2,16039
10000000,100000,0.5,2,17505
10000000,100000,0.5,2,17755
10000000,100000,0.5,2,17080
10000000,100000,0.5,2,16237
10000000,100000,0.5,2,16436
10000000,100000,0.5,2,16767
10000000,100000,0.5,2,17118
10000000,100000,0.5,2,16528
10000000,100000,0.5,2,16604
10000000,100000,0.5,2,17562
10000000,100000,0.5,2,17237
10000000,100000,0.5,2,17874
10000000,100000,0.5,2,18387
10000000,100000,0.5,2,16185
10000000,100000,0.5,2,16300
10000000,100000,0.5,2,17071
10000000,100000,0.5,2,16491
10000000,100000,0.5,2,16247
10000000,100000,0.5,2,16950
10000000,100000,0.5,2,16955
10000000,100000,0.5,2,16178
10000000,100000,0.5,2,16346
10000000,100000,0.5,2,17081
10000000,100000,0.5,2,17518
10000000,100000,0.5,2,19585
10000000,100000,0.5,2,18466
10000000,100000,0.5,2,17231
10000000,100000,0.5,2,16549
10000000,100000,0.5,2,19884
10000000,100000,0.5,2,16591
10000000,100000,0.5,2,17103
10000000,100000,0.5,2,16749
10000000,100000,0.5,2,16284
10000000,100000,0.5,2,16513
10000000,100000,0.5,2,16460
10000000,100000,0.5,2,16339
10000000,100000,0.5,2,16674
10000000,100000,0.5,2,16646
10000000,100000,0.5,2,18922
10000000,100000,0.5,2,16535
10000000,100000,0.5,2,16379
10000000,100000,0.5,2,16906
10000000,100000,0.5,2,17112
10000000,100000,0.5,2,16549
10000000,100000,0.5,2,16875
10000000,100000,0.5,2,16446
10000000,100000,0.5,2,17724
10000000,100000,0.5,2,18112
10000000,100000,0.5,2,16353
10000000,100000,0.5,2,15866
10000000,100000,0.5,2,16189
10000000,100000,0.5,2,20238
10000000,100000,0.5,2,20014
10000000,100000,0.5,2,22870
10000000,100000,0.5,2,18603
10000000,100000,0.5,2,17134
10000000,100000,0.5,2,19030
10000000,100000,0.5,2,16114
10000000,100000,0.5,2,16168
10000000,100000,0.5,2,16844
10000000,100000,0.5,2,16615
10000000,100000,0.5,2,16331
10000000,100000,0.5,2,16375
10000000,100000,0.5,2,16747
10000000,100000,0.5,2,16123
10000000,100000,0.5,2,17741
10000000,100000,0.5,2,16463
10000000,100000,0.5,2,16758
10000000,100000,0.5,2,16595
10000000,100000,0.5,2,16162
10000000,100000,0.5,2,16104
10000000,100000,0.5,2,17420
10000000,100000,0.5,2,25583
10000000,100000,0.5,2,18709
10000000,100000,0.5,2,19863
10000000,100000,0.5,2,19011
10000000,100000,0.5,2,16931
10000000,100000,0.5,2,17882
10000000,100000,0.5,2,16367
10000000,100000,0.5,2,16519
10000000,100000,0.5,2,16737
10000000,100000,0.5,2,17395
10000000,100000,0.5,2,16400
10000000,100000,0.5,2,16540
10000000,100000,0.5,2,16008
10000000,100000,0.5,4,24136
10000000,100000,0.5,4,22339
10000000,100000,0.5,4,19797
10000000,100000,0.5,4,22726
10000000,100000,0.5,4,17221
10000000,100000,0.5,4,18284
10000000,100000,0.5,4,16571
10000000,100000,0.5,4,16362
10000000,100000,0.5,4,16695
10000000,100000,0.5,4,17635
10000000,100000,0.5,4,16852
10000000,100000,0.5,4,17336
10000000,100000,0.5,4,16527
10000000,100000,0.5,4,16675
10000000,100000,0.5,4,17433
10000000,100000,0.5,4,16452
10000000,100000,0.5,4,16845
10000000,100000,0.5,4,16227
10000000,100000,0.5,4,16252
10000000,100000,0.5,4,17458
10000000,100000,0.5,4,16311
10000000,100000,0.5,4,17112
10000000,100000,0.5,4,16122
10000000,100000,0.5,4,21187
10000000,100000,0.5,4,22846
10000000,100000,0.5,4,23341
10000000,100000,0.5,4,22598
10000000,100000,0.5,4,22566
10000000,100000,0.5,4,16451
10000000,100000,0.5,4,16546
10000000,100000,0.5,4,22546
10000000,100000,0.5,4,22859
10000000,100000,0.5,4,19584
10000000,100000,0.5,4,19568
10000000,100000,0.5,4,22989
10000000,100000,0.5,4,23113
10000000,100000,0.5,4,18366
10000000,100000,0.5,4,16712
10000000,100000,0.5,4,22597
10000000,100000,0.5,4,22306
10000000,100000,0.5,4,19147
10000000,100000,0.5,4,22564
10000000,100000,0.5,4,22478
10000000,100000,0.5,4,22394
10000000,100000,0.5,4,22016
10000000,100000,0.5,4,18032
10000000,100000,0.5,4,16187
10000000,100000,0.5,4,22971
10000000,100000,0.5,4,22270
10000000,100000,0.5,4,18424
10000000,100000,0.5,4,16917
10000000,100000,0.5,4,22589
10000000,100000,0.5,4,22473
10000000,100000,0.5,4,18205
10000000,100000,0.5,4,16287
10000000,100000,0.5,4,16916
10000000,100000,0.5,4,17824
10000000,100000,0.5,4,15882
10000000,100000,0.5,4,16537
10000000,100000,0.5,4,19731
10000000,100000,0.5,4,22678
10000000,100000,0.5,4,21990
10000000,100000,0.5,4,22307
10000000,100000,0.5,4,22038
10000000,100000,0.5,4,17940
10000000,100000,0.5,4,16272
10000000,100000,0.5,4,22152
10000000,100000,0.5,4,25428
10000000,100000,0.5,4,21041
10000000,100000,0.5,4,22233
10000000,100000,0.5,4,22312
10000000,100000,0.5,4,19954
10000000,100000,0.5,4,16107
10000000,100000,0.5,4,21965
10000000,100000,0.5,4,22306
10000000,100000,0.5,4,22146
10000000,100000,0.5,4,16659
10000000,100000,0.5,4,16041
10000000,100000,0.5,4,21561
10000000,100000,0.5,4,22046
10000000,100000,0.5,4,18172
10000000,100000,0.5,4,16085
10000000,100000,0.5,4,22005
10000000,100000,0.5,4,18539
10000000,100000,0.5,4,22095
10000000,100000,0.5,4,21373
10000000,100000,0.5,4,21348
10000000,100000,0.5,4,21745
10000000,100000,0.5,4,20627
10000000,100000,0.5,4,21598
10000000,100000,0.5,4,21658
10000000,100000,0.5,4,19263
10000000,100000,0.5,4,16404
10000000,100000,0.5,4,19817
10000000,100000,0.5,4,22011
10000000,100000,0.5,4,16616
10000000,100000,0.5,4,16126
10000000,100000,0.5,4,22094
10000000,100000,0.5,4,21278
10000000,100000,0.5,4,18403
10000000,100000,0.5,8,16962
10000000,100000,0.5,8,17099
10000000,100000,0.5,8,16342
10000000,100000,0.5,8,16259
10000000,100000,0.5,8,16287
10000000,100000,0.5,8,15933
10000000,100000,0.5,8,15896
10000000,100000,0.5,8,15853
10000000,100000,0.5,8,16184
10000000,100000,0.5,8,16669
10000000,100000,0.5,8,17937
10000000,100000,0.5,8,19080
10000000,100000,0.5,8,18652
10000000,100000,0.5,8,18231
10000000,100000,0.5,8,18062
10000000,100000,0.5,8,15835
10000000,100000,0.5,8,17221
10000000,100000,0.5,8,16003
10000000,100000,0.5,8,16174
10000000,100000,0.5,8,17411
10000000,100000,0.5,8,16606
10000000,100000,0.5,8,16599
10000000,100000,0.5,8,16077
10000000,100000,0.5,8,17101
10000000,100000,0.5,8,17188
10000000,100000,0.5,8,24188
10000000,100000,0.5,8,18440
10000000,100000,0.5,8,19293
10000000,100000,0.5,8,16314
10000000,100000,0.5,8,16501
10000000,100000,0.5,8,15962
10000000,100000,0.5,8,15945
10000000,100000,0.5,8,15869
10000000,100000,0.5,8,18369
10000000,100000,0.5,8,18010
10000000,100000,0.5,8,18948
10000000,100000,0.5,8,16549
10000000,100000,0.5,8,15879
10000000,100000,0.5,8,16227
10000000,100000,0.5,8,16447
10000000,100000,0.5,8,15999
10000000,100000,0.5,8,16156
10000000,100000,0.5,8,16172
10000000,100000,0.5,8,18800
10000000,100000,0.5,8,17161
10000000,100000,0.5,8,18092
10000000,100000,0.5,8,16741
10000000,100000,0.5,8,16847
10000000,100000,0.5,8,18288
10000000,100000,0.5,8,18308
10000000,100000,0.5,8,18277
10000000,100000,0.5,8,18448
10000000,100000,0.5,8,18386
10000000,100000,0.5,8,18302
10000000,100000,0.5,8,17987
10000000,100000,0.5,8,16681
10000000,100000,0.5,8,16190
10000000,100000,0.5,8,16249
10000000,100000,0.5,8,16319
10000000,100000,0.5,8,15809
10000000,100000,0.5,8,16794
10000000,100000,0.5,8,16217
10000000,100000,0.5,8,19466
10000000,100000,0.5,8,18706
10000000,100000,0.5,8,16447
10000000,100000,0.5,8,16462
10000000,100000,0.5,8,16036
10000000,100000,0.5,8,16098
10000000,100000,0.5,8,16041
10000000,100000,0.5,8,16623
10000000,100000,0.5,8,16658
10000000,100000,0.5,8,16157
10000000,100000,0.5,8,15919
10000000,100000,0.5,8,15970
10000000,100000,0.5,8,15538
10000000,100000,0.5,8,15938
10000000,100000,0.5,8,15858
10000000,100000,0.5,8,16011
10000000,100000,0.5,8,16095
10000000,100000,0.5,8,15716
10000000,100000,0.5,8,16063
10000000,100000,0.5,8,16601
10000000,100000,0.5,8,16537
10000000,100000,0.5,8,16079
10000000,100000,0.5,8,15940
10000000,100000,0.5,8,16389
10000000,100000,0.5,8,16645
10000000,100000,0.5,8,16530
10000000,100000,0.5,8,16900
10000000,100000,0.5,8,16786
10000000,100000,0.5,8,16804
10000000,100000,0.5,8,16232
10000000,100000,0.5,8,19099
10000000,100000,0.5,8,17914
10000000,100000,0.5,8,16593
10000000,100000,0.5,8,16517
10000000,100000,0.5,8,18329
10000000,100000,0.5,8,16470
10000000,100000,0.5,8,15912
10000000,100000,0.5,8,16834
10000000,100000,0.5,16,16626
10000000,100000,0.5,16,17295
10000000,100000,0.5,16,15807
10000000,100000,0.5,16,15875
10000000,100000,0.5,16,16315
10000000,100000,0.5,16,16282
10000000,100000,0.5,16,16265
10000000,100000,0.5,16,17630
10000000,100000,0.5,16,16904
10000000,100000,0.5,16,17396
10000000,100000,0.5,16,16648
10000000,100000,0.5,16,16247
10000000,100000,0.5,16,16454
10000000,100000,0.5,16,16371
10000000,100000,0.5,16,15966
10000000,100000,0.5,16,16189
10000000,100000,0.5,16,17463
10000000,100000,0.5,16,18062
10000000,100000,0.5,16,16047
10000000,100000,0.5,16,16670
10000000,100000,0.5,16,16114
10000000,100000,0.5,16,15899
10000000,100000,0.5,16,17058
10000000,100000,0.5,16,16264
10000000,100000,0.5,16,16594
10000000,100000,0.5,16,15850
10000000,100000,0.5,16,16346
10000000,100000,0.5,16,16236
10000000,100000,0.5,16,15936
10000000,100000,0.5,16,15872
10000000,100000,0.5,16,16111
10000000,100000,0.5,16,16057
10000000,100000,0.5,16,16417
10000000,100000,0.5,16,15951
10000000,100000,0.5,16,16775
10000000,100000,0.5,16,16506
10000000,100000,0.5,16,16105
10000000,100000,0.5,16,15941
10000000,100000,0.5,16,15898
10000000,100000,0.5,16,16322
10000000,100000,0.5,16,15895
10000000,100000,0.5,16,16040
10000000,100000,0.5,16,16065
10000000,100000,0.5,16,16134
10000000,100000,0.5,16,16032
10000000,100000,0.5,16,15980
10000000,100000,0.5,16,15800
10000000,100000,0.5,16,16677
10000000,100000,0.5,16,19883
10000000,100000,0.5,16,18699
10000000,100000,0.5,16,16908
10000000,100000,0.5,16,16109
10000000,100000,0.5,16,16655
10000000,100000,0.5,16,15998
10000000,100000,0.5,16,16828
10000000,100000,0.5,16,16021
10000000,100000,0.5,16,16290
10000000,100000,0.5,16,15841
10000000,100000,0.5,16,16093
10000000,100000,0.5,16,15911
10000000,100000,0.5,16,17036
10000000,100000,0.5,16,16261
10000000,100000,0.5,16,16142
10000000,100000,0.5,16,15994
10000000,100000,0.5,16,16248
10000000,100000,0.5,16,16441
10000000,100000,0.5,16,16447
10000000,100000,0.5,16,16146
10000000,100000,0.5,16,16246
10000000,100000,0.5,16,15707
10000000,100000,0.5,16,16595
10000000,100000,0.5,16,16585
10000000,100000,0.5,16,16432
10000000,100000,0.5,16,15976
10000000,100000,0.5,16,16524
10000000,100000,0.5,16,17333
10000000,100000,0.5,16,15885
10000000,100000,0.5,16,16406
10000000,100000,0.5,16,16443
10000000,100000,0.5,16,16360
10000000,100000,0.5,16,16085
10000000,100000,0.5,16,16154
10000000,100000,0.5,16,16600
10000000,100000,0.5,16,16820
10000000,100000,0.5,16,16502
10000000,100000,0.5,16,17169
10000000,100000,0.5,16,16199
10000000,100000,0.5,16,16177
10000000,100000,0.5,16,16026
10000000,100000,0.5,16,16316
10000000,100000,0.5,16,15998
10000000,100000,0.5,16,15882
10000000,100000,0.5,16,15986
10000000,100000,0.5,16,16420
10000000,100000,0.5,16,15785
10000000,100000,0.5,16,16269
10000000,100000,0.5,16,16791
10000000,100000,0.5,16,16089
10000000,100000,0.5,16,16814
10000000,100000,0.5,16,15771
10000000,500000,0.5,0,15783
10000000,500000,0.5,0,17685
10000000,500000,0.5,0,17633
10000000,500000,0.5,0,23589
10000000,500000,0.5,0,16652
10000000,500000,0.5,0,17511
10000000,500000,0.5,0,22242
10000000,500000,0.5,0,18056
10000000,500000,0.5,0,21706
10000000,500000,0.5,0,15037
10000000,500000,0.5,0,17573
10000000,500000,0.5,0,14947
10000000,500000,0.5,0,15252
10000000,500000,0.5,0,23841
10000000,500000,0.5,0,20758
10000000,500000,0.5,0,21023
10000000,500000,0.5,0,16878
10000000,500000,0.5,0,17802
10000000,500000,0.5,0,20697
10000000,500000,0.5,0,15073
10000000,500000,0.5,0,15566
10000000,500000,0.5,0,16309
10000000,500000,0.5,0,18051
10000000,500000,0.5,0,15572
10000000,500000,0.5,0,15721
10000000,500000,0.5,0,15536
10000000,500000,0.5,0,15873
10000000,500000,0.5,0,15536
10000000,500000,0.5,0,14799
10000000,500000,0.5,0,15299
10000000,500000,0.5,0,16633
10000000,500000,0.5,0,16040
10000000,500000,0.5,0,17335
10000000,500000,0.5,0,17664
10000000,500000,0.5,0,14991
10000000,500000,0.5,0,15496
10000000,500000,0.5,0,15427
10000000,500000,0.5,0,15220
10000000,500000,0.5,0,15483
10000000,500000,0.5,0,17509
10000000,500000,0.5,0,18602
10000000,500000,0.5,0,21049
10000000,500000,0.5,0,17840
10000000,500000,0.5,0,20586
10000000,500000,0.5,0,18804
10000000,500000,0.5,0,15035
10000000,500000,0.5,0,15144
10000000,500000,0.5,0,15860
10000000,500000,0.5,0,17940
10000000,500000,0.5,0,15016
10000000,500000,0.5,0,15301
10000000,500000,0.5,0,15043
10000000,500000,0.5,0,15453
10000000,500000,0.5,0,15038
10000000,500000,0.5,0,15346
10000000,500000,0.5,0,15092
10000000,500000,0.5,0,15461
10000000,500000,0.5,0,17604
10000000,500000,0.5,0,14890
10000000,500000,0.5,0,15394
10000000,500000,0.5,0,14963
10000000,500000,0.5,0,15043
10000000,500000,0.5,0,15872
10000000,500000,0.5,0,15028
10000000,500000,0.5,0,15374
10000000,500000,0.5,0,15500
10000000,500000,0.5,0,15509
10000000,500000,0.5,0,15986
10000000,500000,0.5,0,14993
10000000,500000,0.5,0,15030
10000000,500000,0.5,0,15484
10000000,500000,0.5,0,15169
10000000,500000,0.5,0,15497
10000000,500000,0.5,0,16010
10000000,500000,0.5,0,15354
10000000,500000,0.5,0,15551
10000000,500000,0.5,0,16037
10000000,500000,0.5,0,17455
10000000,500000,0.5,0,15454
10000000,500000,0.5,0,15538
10000000,500000,0.5,0,15055
10000000,500000,0.5,0,15475
10000000,500000,0.5,0,14825
10000000,500000,0.5,0,15632
10000000,500000,0.5,0,15113
10000000,500000,0.5,0,15954
10000000,500000,0.5,0,15453
10000000,500000,0.5,0,16039
10000000,500000,0.5,0,15524
10000000,500000,0.5,0,16448
10000000,500000,0.5,0,15571
10000000,500000,0.5,0,16161
10000000,500000,0.5,0,15451
10000000,500000,0.5,0,16561
10000000,500000,0.5,0,15192
10000000,500000,0.5,0,15986
10000000,500000,0.5,0,16286
10000000,500000,0.5,0,15527
10000000,500000,0.5,0,18772
10000000,500000,0.5,0,15455
10000000,500000,0.5,2,15654
10000000,500000,0.5,2,14985
10000000,500000,0.5,2,15519
10000000,500000,0.5,2,15555
10000000,500000,0.5,2,15596
10000000,500000,0.5,2,16624
10000000,500000,0.5,2,15034
10000000,500000,0.5,2,15062
10000000,500000,0.5,2,15017
10000000,500000,0.5,2,15015
10000000,500000,0.5,2,15468
10000000,500000,0.5,2,17189
10000000,500000,0.5,2,15948
10000000,500000,0.5,2,16292
10000000,500000,0.5,2,15546
10000000,500000,0.5,2,16744
10000000,500000,0.5,2,14966
10000000,500000,0.5,2,21781
10000000,500000,0.5,2,17868
10000000,500000,0.5,2,18229
10000000,500000,0.5,2,15004
10000000,500000,0.5,2,17647
10000000,500000,0.5,2,14939
10000000,500000,0.5,2,15043
10000000,500000,0.5,2,16149
10000000,500000,0.5,2,16734
10000000,500000,0.5,2,16155
10000000,500000,0.5,2,15378
10000000,500000,0.5,2,16196
10000000,500000,0.5,2,15578
10000000,500000,0.5,2,15028
10000000,500000,0.5,2,16138
10000000,500000,0.5,2,15040
10000000,500000,0.5,2,16353
10000000,500000,0.5,2,16066
10000000,500000,0.5,2,15634
10000000,500000,0.5,2,15932
10000000,500000,0.5,2,17277
10000000,500000,0.5,2,15528
10000000,500000,0.5,2,15038
10000000,500000,0.5,2,16370
10000000,500000,0.5,2,15518
10000000,500000,0.5,2,15305
10000000,500000,0.5,2,17299
10000000,500000,0.5,2,15428
10000000,500000,0.5,2,15040
10000000,500000,0.5,2,15540
10000000,500000,0.5,2,15065
10000000,500000,0.5,2,15212
10000000,500000,0.5,2,15498
10000000,500000,0.5,2,17597
10000000,500000,0.5,2,16680
10000000,500000,0.5,2,21321
10000000,500000,0.5,2,16121
10000000,500000,0.5,2,15406
10000000,500000,0.5,2,15230
10000000,500000,0.5,2,15515
10000000,500000,0.5,2,14990
10000000,500000,0.5,2,15121
10000000,500000,0.5,2,15059
10000000,500000,0.5,2,15777
10000000,500000,0.5,2,15554
10000000,500000,0.5,2,15645
10000000,500000,0.5,2,15225
10000000,500000,0.5,2,20977
10000000,500000,0.5,2,17181
10000000,500000,0.5,2,15583
10000000,500000,0.5,2,15618
10000000,500000,0.5,2,16617
10000000,500000,0.5,2,15356
10000000,500000,0.5,2,15476
10000000,500000,0.5,2,20250
10000000,500000,0.5,2,15463
10000000,500000,0.5,2,15531
10000000,500000,0.5,2,15601
10000000,500000,0.5,2,16071
10000000,500000,0.5,2,22628
10000000,500000,0.5,2,20807
10000000,500000,0.5,2,17451
10000000,500000,0.5,2,15042
10000000,500000,0.5,2,17327
10000000,500000,0.5,2,15546
10000000,500000,0.5,2,15062
10000000,500000,0.5,2,15099
10000000,500000,0.5,2,16886
10000000,500000,0.5,2,15017
10000000,500000,0.5,2,15103
10000000,500000,0.5,2,15583
10000000,500000,0.5,2,14941
10000000,500000,0.5,2,15934
10000000,500000,0.5,2,16071
10000000,500000,0.5,2,15748
10000000,500000,0.5,2,14894
10000000,500000,0.5,2,15493
10000000,500000,0.5,2,17025
10000000,500000,0.5,2,17241
10000000,500000,0.5,2,15675
10000000,500000,0.5,2,16079
10000000,500000,0.5,2,17766
10000000,500000,0.5,2,15016
10000000,500000,0.5,4,16033
10000000,500000,0.5,4,15068
10000000,500000,0.5,4,17119
10000000,500000,0.5,4,14917
10000000,500000,0.5,4,22372
10000000,500000,0.5,4,20353
10000000,500000,0.5,4,15649
10000000,500000,0.5,4,15179
10000000,500000,0.5,4,15507
10000000,500000,0.5,4,15646
10000000,500000,0.5,4,17757
10000000,500000,0.5,4,20591
10000000,500000,0.5,4,20312
10000000,500000,0.5,4,20344
10000000,500000,0.5,4,21006
10000000,500000,0.5,4,17265
10000000,500000,0.5,4,16669
10000000,500000,0.5,4,20093
10000000,500000,0.5,4,20870
10000000,500000,0.5,4,20199
10000000,500000,0.5,4,20770
10000000,500000,0.5,4,22317
10000000,500000,0.5,4,21727
10000000,500000,0.5,4,17589
10000000,500000,0.5,4,19936
10000000,500000,0.5,4,20142
10000000,500000,0.5,4,20517
10000000,500000,0.5,4,20970
10000000,500000,0.5,4,17624
10000000,500000,0.5,4,17637
10000000,500000,0.5,4,19624
10000000,500000,0.5,4,20189
10000000,500000,0.5,4,21315
10000000,500000,0.5,4,18335
10000000,500000,0.5,4,20799
10000000,500000,0.5,4,16970
10000000,500000,0.5,4,20995
10000000,500000,0.5,4,20478
10000000,500000,0.5,4,20735
10000000,500000,0.5,4,23988
10000000,500000,0.5,4,20490
10000000,500000,0.5,4,20042
10000000,500000,0.5,4,20126
10000000,500000,0.5,4,20357
10000000,500000,0.5,4,20971
10000000,500000,0.5,4,20899
10000000,500000,0.5,4,20038
10000000,500000,0.5,4,20885
10000000,500000,0.5,4,34328
10000000,500000,0.5,4,27704
10000000,500000,0.5,4,19395
10000000,500000,0.5,4,20455
10000000,500000,0.5,4,20753
10000000,500000,0.5,4,16415
10000000,500000,0.5,4,15360
10000000,500000,0.5,4,25447
10000000,500000,0.5,4,19948
10000000,500000,0.5,4,20376
10000000,500000,0.5,4,17470
10000000,500000,0.5,4,19861
10000000,500000,0.5,4,16083
10000000,500000,0.5,4,19754
10000000,500000,0.5,4,20448
10000000,500000,0.5,4,20702
10000000,500000,0.5,4,16146
10000000,500000,0.5,4,15204
10000000,500000,0.5,4,19597
10000000,500000,0.5,4,20350
10000000,500000,0.5,4,20508
10000000,500000,0.5,4,18379
10000000,500000,0.5,4,20609
10000000,500000,0.5,4,20724
10000000,500000,0.5,4,19249
10000000,500000,0.5,4,20355
10000000,500000,0.5,4,21293
10000000,500000,0.5,4,23326
10000000,500000,0.5,4,19999
10000000,500000,0.5,4,20375
10000000,500000,0.5,4,21110
10000000,500000,0.5,4,17939
10000000,500000,0.5,4,17572
10000000,500000,0.5,4,20208
10000000,500000,0.5,4,16709
10000000,500000,0.5,4,15469
10000000,500000,0.5,4,19704
10000000,500000,0.5,4,15391
10000000,500000,0.5,4,15626
10000000,500000,0.5,4,15560
10000000,500000,0.5,4,18953
10000000,500000,0.5,4,22915
10000000,500000,0.5,4,18682
10000000,500000,0.5,4,18987
10000000,500000,0.5,4,20247
10000000,500000,0.5,4,18355
10000000,500000,0.5,4,18141
10000000,500000,0.5,4,15958
10000000,500000,0.5,4,15461
10000000,500000,0.5,4,15309
10000000,500000,0.5,4,15982
10000000,500000,0.5,4,14982
10000000,500000,0.5,8,15061
10000000,500000,0.5,8,15583
10000000,500000,0.5,8,22310
10000000,500000,0.5,8,16835
10000000,500000,0.5,8,15197
10000000,500000,0.5,8,15475
10000000,500000,0.5,8,16033
10000000,500000,0.5,8,14983
10000000,500000,0.5,8,15580
10000000,500000,0.5,8,23124
10000000,500000,0.5,8,17089
10000000,500000,0.5,8,16323
10000000,500000,0.5,8,14914
10000000,500000,0.5,8,15443
10000000,500000,0.5,8,14943
10000000,500000,0.5,8,15421
10000000,500000,0.5,8,15234
10000000,500000,0.5,8,14992
10000000,500000,0.5,8,16455
10000000,500000,0.5,8,15003
10000000,500000,0.5,8,15518
10000000,500000,0.5,8,15528
10000000,500000,0.5,8,15887
10000000,500000,0.5,8,14938
10000000,500000,0.5,8,15195
10000000,500000,0.5,8,15284
10000000,500000,0.5,8,15452
10000000,500000,0.5,8,14981
10000000,500000,0.5,8,15136
10000000,500000,0.5,8,15003
10000000,500000,0.5,8,15841
10000000,500000,0.5,8,16241
10000000,500000,0.5,8,16091
10000000,500000,0.5,8,16856
10000000,500000,0.5,8,15415
10000000,500000,0.5,8,15953
10000000,500000,0.5,8,14864
10000000,500000,0.5,8,14967
10000000,500000,0.5,8,14941
10000000,500000,0.5,8,14978
10000000,500000,0.5,8,15426
10000000,500000,0.5,8,15633
10000000,500000,0.5,8,15973
10000000,500000,0.5,8,14972
10000000,500000,0.5,8,14919
10000000,500000,0.5,8,15033
10000000,500000,0.5,8,15413
10000000,500000,0.5,8,18133
10000000,500000,0.5,8,17998
10000000,500000,0.5,8,18202
10000000,500000,0.5,8,15013
10000000,500000,0.5,8,15412
10000000,500000,0.5,8,15313
10000000,500000,0.5,8,15272
10000000,500000,0.5,8,15202
10000000,500000,0.5,8,14832
10000000,500000,0.5,8,15876
10000000,500000,0.5,8,15733
10000000,500000,0.5,8,14755
10000000,500000,0.5,8,15246
10000000,500000,0.5,8,16900
10000000,500000,0.5,8,15347
10000000,500000,0.5,8,14933
10000000,500000,0.5,8,15373
10000000,500000,0.5,8,14786
10000000,500000,0.5,8,15364
10000000,500000,0.5,8,15301
10000000,500000,0.5,8,15793
10000000,500000,0.5,8,14941
10000000,500000,0.5,8,14941
10000000,500000,0.5,8,16157
10000000,500000,0.5,8,15432
10000000,500000,0.5,8,15787
10000000,500000,0.5,8,15725
10000000,500000,0.5,8,14745
10000000,500000,0.5,8,15278
10000000,500000,0.5,8,15313
10000000,500000,0.5,8,14858
10000000,500000,0.5,8,15752
10000000,500000,0.5,8,14735
10000000,500000,0.5,8,14730
10000000,500000,0.5,8,16799
10000000,500000,0.5,8,15541
10000000,500000,0.5,8,15054
10000000,500000,0.5,8,16446
10000000,500000,0.5,8,15000
10000000,500000,0.5,8,14968
10000000,500000,0.5,8,15411
10000000,500000,0.5,8,14967
10000000,500000,0.5,8,15644
10000000,500000,0.5,8,15456
10000000,500000,0.5,8,15964
10000000,500000,0.5,8,15609
10000000,500000,0.5,8,15007
10000000,500000,0.5,8,15404
10000000,500000,0.5,8,16698
10000000,500000,0.5,8,14961
10000000,500000,0.5,8,14932
10000000,500000,0.5,8,15416
10000000,500000,0.5,8,15990
10000000,500000,0.5,16,14956
10000000,500000,0.5,16,14897
10000000,500000,0.5,16,15818
10000000,500000,0.5,16,15440
10000000,500000,0.5,16,15487
10000000,500000,0.5,16,14960
10000000,500000,0.5,16,17611
10000000,500000,0.5,16,16583
10000000,500000,0.5,16,15545
10000000,500000,0.5,16,16438
10000000,500000,0.5,16,15871
10000000,500000,0.5,16,17365
10000000,500000,0.5,16,16226
10000000,500000,0.5,16,17007
10000000,500000,0.5,16,15185
10000000,500000,0.5,16,14963
10000000,500000,0.5,16,14922
10000000,500000,0.5,16,15912
10000000,500000,0.5,16,15698
10000000,500000,0.5,16,15772
10000000,500000,0.5,16,15002
10000000,500000,0.5,16,15692
10000000,500000,0.5,16,14956
10000000,500000,0.5,16,15475
10000000,500000,0.5,16,15455
10000000,500000,0.5,16,15423
10000000,500000,0.5,16,15318
10000000,500000,0.5,16,15714
10000000,500000,0.5,16,15685
10000000,500000,0.5,16,14877
10000000,500000,0.5,16,15475
10000000,500000,0.5,16,15099
10000000,500000,0.5,16,15473
10000000,500000,0.5,16,14969
10000000,500000,0.5,16,17027
10000000,500000,0.5,16,15157
10000000,500000,0.5,16,17046
10000000,500000,0.5,16,17560
10000000,500000,0.5,16,15410
10000000,500000,0.5,16,15746
10000000,500000,0.5,16,16641
10000000,500000,0.5,16,16884
10000000,500000,0.5,16,18021
10000000,500000,0.5,16,16810
10000000,500000,0.5,16,15155
10000000,500000,0.5,16,15065
10000000,500000,0.5,16,14957
10000000,500000,0.5,16,15393
10000000,500000,0.5,16,15053
10000000,500000,0.5,16,15068
10000000,500000,0.5,16,15373
10000000,500000,0.5,16,17409
10000000,500000,0.5,16,15295
10000000,500000,0.5,16,14940
10000000,500000,0.5,16,15664
10000000,500000,0.5,16,15497
10000000,500000,0.5,16,15896
10000000,500000,0.5,16,15156
10000000,500000,0.5,16,15572
10000000,500000,0.5,16,14855
10000000,500000,0.5,16,14935
10000000,500000,0.5,16,15964
10000000,500000,0.5,16,16803
10000000,500000,0.5,16,15228
10000000,500000,0.5,16,14964
10000000,500000,0.5,16,15055
10000000,500000,0.5,16,15172
10000000,500000,0.5,16,14991
10000000,500000,0.5,16,15456
10000000,500000,0.5,16,14853
10000000,500000,0.5,16,15437
10000000,500000,0.5,16,15889
10000000,500000,0.5,16,15023
10000000,500000,0.5,16,15198
10000000,500000,0.5,16,15533
10000000,500000,0.5,16,14937
10000000,500000,0.5,16,14973
10000000,500000,0.5,16,15253
10000000,500000,0.5,16,15713
10000000,500000,0.5,16,15488
10000000,500000,0.5,16,16369
10000000,500000,0.5,16,14944
10000000,500000,0.5,16,16222
10000000,500000,0.5,16,15924
10000000,500000,0.5,16,15834
10000000,500000,0.5,16,15641
10000000,500000,0.5,16,15143
10000000,500000,0.5,16,15415
10000000,500000,0.5,16,15039
10000000,500000,0.5,16,16547
10000000,500000,0.5,16,15557
10000000,500000,0.5,16,16920
10000000,500000,0.5,16,17167
10000000,500000,0.5,16,15506
10000000,500000,0.5,16,14980
10000000,500000,0.5,16,14947
10000000,500000,0.5,16,14970
10000000,500000,0.5,16,15420
10000000,500000,0.5,16,15948
10000000,500000,0.5,16,15388
10000000,1000000,0.5,0,14911
10000000,1000000,0.5,0,14636
10000000,1000000,0.5,0,14989
10000000,1000000,0.5,0,14523
10000000,1000000,0.5,0,14521
10000000,1000000,0.5,0,14494
10000000,1000000,0.5,0,14967
10000000,1000000,0.5,0,15012
10000000,1000000,0.5,0,14781
10000000,1000000,0.5,0,14969
10000000,1000000,0.5,0,14998
10000000,1000000,0.5,0,14991
10000000,1000000,0.5,0,15357
10000000,1000000,0.5,0,14434
10000000,1000000,0.5,0,14499
10000000,1000000,0.5,0,14995
10000000,1000000,0.5,0,14718
10000000,1000000,0.5,0,14622
10000000,1000000,0.5,0,14371
10000000,1000000,0.5,0,15605
10000000,1000000,0.5,0,14800
10000000,1000000,0.5,0,14429
10000000,1000000,0.5,0,14998
10000000,1000000,0.5,0,15872
10000000,1000000,0.5,0,14542
10000000,1000000,0.5,0,14973
10000000,1000000,0.5,0,14960
10000000,1000000,0.5,0,14977
10000000,1000000,0.5,0,14492
10000000,1000000,0.5,0,14771
10000000,1000000,0.5,0,16955
10000000,1000000,0.5,0,18135
10000000,1000000,0.5,0,17670
10000000,1000000,0.5,0,22410
10000000,1000000,0.5,0,16562
10000000,1000000,0.5,0,18666
10000000,1000000,0.5,0,18956
10000000,1000000,0.5,0,18271
10000000,1000000,0.5,0,16179
10000000,1000000,0.5,0,19429
10000000,1000000,0.5,0,16507
10000000,1000000,0.5,0,17071
10000000,1000000,0.5,0,16734
10000000,1000000,0.5,0,14497
10000000,1000000,0.5,0,14829
10000000,1000000,0.5,0,16627
10000000,1000000,0.5,0,20111
10000000,1000000,0.5,0,16263
10000000,1000000,0.5,0,17899
10000000,1000000,0.5,0,16437
10000000,1000000,0.5,0,16231
10000000,1000000,0.5,0,16299
10000000,1000000,0.5,0,14914
10000000,1000000,0.5,0,14974
10000000,1000000,0.5,0,15012
10000000,1000000,0.5,0,14986
10000000,1000000,0.5,0,14496
10000000,1000000,0.5,0,16167
10000000,1000000,0.5,0,14462
10000000,1000000,0.5,0,15830
10000000,1000000,0.5,0,14527
10000000,1000000,0.5,0,14910
10000000,1000000,0.5,0,14357
10000000,1000000,0.5,0,14787
10000000,1000000,0.5,0,14426
10000000,1000000,0.5,0,14628
10000000,1000000,0.5,0,15025
10000000,1000000,0.5,0,15578
10000000,1000000,0.5,0,16106
10000000,1000000,0.5,0,15383
10000000,1000000,0.5,0,15340
10000000,1000000,0.5,0,14398
10000000,1000000,0.5,0,14999
10000000,1000000,0.5,0,14497
10000000,1000000,0.5,0,14372
10000000,1000000,0.5,0,14499
10000000,1000000,0.5,0,14991
10000000,1000000,0.5,0,14485
10000000,1000000,0.5,0,15912
10000000,1000000,0.5,0,14856
10000000,1000000,0.5,0,14783
10000000,1000000,0.5,0,14481
10000000,1000000,0.5,0,15413
10000000,1000000,0.5,0,15560
10000000,1000000,0.5,0,14505
10000000,1000000,0.5,0,14553
10000000,1000000,0.5,0,15445
10000000,1000000,0.5,0,14651
10000000,1000000,0.5,0,15036
10000000,1000000,0.5,0,14521
10000000,1000000,0.5,0,16944
10000000,1000000,0.5,0,17500
10000000,1000000,0.5,0,17033
10000000,1000000,0.5,0,16507
10000000,1000000,0.5,0,18822
10000000,1000000,0.5,0,16504
10000000,1000000,0.5,0,17617
10000000,1000000,0.5,0,17972
10000000,1000000,0.5,0,19688
10000000,1000000,0.5,0,16682
10000000,1000000,0.5,2,16499
10000000,1000000,0.5,2,16221
10000000,1000000,0.5,2,15513
10000000,1000000,0.5,2,17107
10000000,1000000,0.5,2,19015
10000000,1000000,0.5,2,14532
10000000,1000000,0.5,2,14551
10000000,1000000,0.5,2,14831
10000000,1000000,0.5,2,14760
10000000,1000000,0.5,2,14523
10000000,1000000,0.5,2,14553
10000000,1000000,0.5,2,15162
10000000,1000000,0.5,2,15327
10000000,1000000,0.5,2,22360
10000000,1000000,0.5,2,18547
10000000,1000000,0.5,2,15155
10000000,1000000,0.5,2,14681
10000000,1000000,0.5,2,14936
10000000,1000000,0.5,2,15568
10000000,1000000,0.5,2,14566
10000000,1000000,0.5,2,14489
10000000,1000000,0.5,2,15101
10000000,1000000,0.5,2,15530
10000000,1000000,0.5,2,14943
10000000,1000000,0.5,2,14754
10000000,1000000,0.5,2,14633
10000000,1000000,0.5,2,14549
10000000,1000000,0.5,2,14581
10000000,1000000,0.5,2,15143
10000000,1000000,0.5,2,22344
10000000,1000000,0.5,2,18780
10000000,1000000,0.5,2,15998
10000000,1000000,0.5,2,16556
10000000,1000000,0.5,2,14843
10000000,1000000,0.5,2,14602
10000000,1000000,0.5,2,15210
10000000,1000000,0.5,2,14379
10000000,1000000,0.5,2,14538
10000000,1000000,0.5,2,15551
10000000,1000000,0.5,2,15370
10000000,1000000,0.5,2,16052
10000000,1000000,0.5,2,16430
10000000,1000000,0.5,2,14718
10000000,1000000,0.5,2,14992
10000000,1000000,0.5,2,14569
10000000,1000000,0.5,2,15245
10000000,1000000,0.5,2,14558
10000000,1000000,0.5,2,15309
10000000,1000000,0.5,2,18815
10000000,1000000,0.5,2,15434
10000000,1000000,0.5,2,16157
10000000,1000000,0.5,2,15401
10000000,1000000,0.5,2,15683
10000000,1000000,0.5,2,15116
10000000,1000000,0.5,2,15019
10000000,1000000,0.5,2,14510
10000000,1000000,0.5,2,14683
10000000,1000000,0.5,2,15929
10000000,1000000,0.5,2,14572
10000000,1000000,0.5,2,14488
10000000,1000000,0.5,2,15399
10000000,1000000,0.5,2,14433
10000000,1000000,0.5,2,15379
10000000,1000000,0.5,2,14418
10000000,1000000,0.5,2,14341
10000000,1000000,0.5,2,14484
10000000,1000000,0.5,2,15047
10000000,1000000,0.5,2,14430
10000000,1000000,0.5,2,15482
10000000,1000000,0.5,2,14526
10000000,1000000,0.5,2,14475
10000000,1000000,0.5,2,17006
10000000,1000000,0.5,2,16089
10000000,1000000,0.5,2,14802
10000000,1000000,0.5,2,14528
10000000,1000000,0.5,2,14446
10000000,1000000,0.5,2,16134
10000000,1000000,0.5,2,14458
10000000,1000000,0.5,2,14743
10000000,1000000,0.5,2,14521
10000000,1000000,0.5,2,14770
10000000,1000000,0.5,2,18213
10000000,1000000,0.5,2,15982
10000000,1000000,0.5,2,16702
10000000,1000000,0.5,2,14512
10000000,1000000,0.5,2,15729
10000000,1000000,0.5,2,16305
10000000,1000000,0.5,2,18607
10000000,1000000,0.5,2,14444
10000000,1000000,0.5,2,15034
10000000,1000000,0.5,2,20681
10000000,1000000,0.5,2,15784
10000000,1000000,0.5,2,14525
10000000,1000000,0.5,2,14503
10000000,1000000,0.5,2,14513
10000000,1000000,0.5,2,15448
10000000,1000000,0.5,2,14783
10000000,1000000,0.5,2,14669
10000000,1000000,0.5,2,14481
10000000,1000000,0.5,2,14571
10000000,1000000,0.5,4,14538
10000000,1000000,0.5,4,14553
10000000,1000000,0.5,4,17996
10000000,1000000,0.5,4,17070
10000000,1000000,0.5,4,15830
10000000,1000000,0.5,4,15745
10000000,1000000,0.5,4,14640
10000000,1000000,0.5,4,14565
10000000,1000000,0.5,4,14912
10000000,1000000,0.5,4,14497
10000000,1000000,0.5,4,17594
10000000,1000000,0.5,4,18114
10000000,1000000,0.5,4,14615
10000000,1000000,0.5,4,14582
10000000,1000000,0.5,4,14493
10000000,1000000,0.5,4,14918
10000000,1000000,0.5,4,15861
10000000,1000000,0.5,4,14992
10000000,1000000,0.5,4,14786
10000000,1000000,0.5,4,16013
10000000,1000000,0.5,4,14787
10000000,1000000,0.5,4,14957
10000000,1000000,0.5,4,14990
10000000,1000000,0.5,4,14398
10000000,1000000,0.5,4,18595
10000000,1000000,0.5,4,17957
10000000,1000000,0.5,4,16504
10000000,1000000,0.5,4,14539
10000000,1000000,0.5,4,14913
10000000,1000000,0.5,4,15023
10000000,1000000,0.5,4,18442
10000000,1000000,0.5,4,15003
10000000,1000000,0.5,4,16104
10000000,1000000,0.5,4,14361
10000000,1000000,0.5,4,16082
10000000,1000000,0.5,4,15076
10000000,1000000,0.5,4,15252
10000000,1000000,0.5,4,14784
10000000,1000000,0.5,4,15551
10000000,1000000,0.5,4,14537
10000000,1000000,0.5,4,14319
10000000,1000000,0.5,4,14491
10000000,1000000,0.5,4,15015
10000000,1000000,0.5,4,14973
10000000,1000000,0.5,4,14391
10000000,1000000,0.5,4,14811
10000000,1000000,0.5,4,14895
10000000,1000000,0.5,4,14900
10000000,1000000,0.5,4,14886
10000000,1000000,0.5,4,14491
10000000,1000000,0.5,4,14531
10000000,1000000,0.5,4,14511
10000000,1000000,0.5,4,14553
10000000,1000000,0.5,4,15542
10000000,1000000,0.5,4,14362
10000000,1000000,0.5,4,14900
10000000,1000000,0.5,4,14486
10000000,1000000,0.5,4,14681
10000000,1000000,0.5,4,14509
10000000,1000000,0.5,4,15232
10000000,1000000,0.5,4,22598
10000000,1000000,0.5,4,18103
10000000,1000000,0.5,4,14703
10000000,1000000,0.5,4,14375
10000000,1000000,0.5,4,14956
10000000,1000000,0.5,4,15741
10000000,1000000,0.5,4,14735
10000000,1000000,0.5,4,15019
10000000,1000000,0.5,4,15157
10000000,1000000,0.5,4,16139
10000000,1000000,0.5,4,14503
10000000,1000000,0.5,4,14496
10000000,1000000,0.5,4,14995
10000000,1000000,0.5,4,14432
10000000,1000000,0.5,4,15278
10000000,1000000,0.5,4,14532
10000000,1000000,0.5,4,16945
10000000,1000000,0.5,4,18114
10000000,1000000,0.5,4,16745
10000000,1000000,0.5,4,16458
10000000,1000000,0.5,4,14543
10000000,1000000,0.5,4,15105
10000000,1000000,0.5,4,18538
10000000,1000000,0.5,4,18028
10000000,1000000,0.5,4,18432
10000000,1000000,0.5,4,18309
10000000,1000000,0.5,4,19490
10000000,1000000,0.5,4,18340
10000000,1000000,0.5,4,18236
10000000,1000000,0.5,4,17978
10000000,1000000,0.5,4,17962
10000000,1000000,0.5,4,14596
10000000,1000000,0.5,4,18187
10000000,1000000,0.5,4,17807
10000000,1000000,0.5,4,18348
10000000,1000000,0.5,4,18681
10000000,1000000,0.5,4,18489
10000000,1000000,0.5,4,15398
10000000,1000000,0.5,4,15596
10000000,1000000,0.5,4,17981
10000000,1000000,0.5,8,18091
10000000,1000000,0.5,8,19317
10000000,1000000,0.5,8,18531
10000000,1000000,0.5,8,18236
10000000,1000000,0.5,8,18788
10000000,1000000,0.5,8,17885
10000000,1000000,0.5,8,17873
10000000,1000000,0.5,8,18401
10000000,1000000,0.5,8,18761
10000000,1000000,0.5,8,18534
10000000,1000000,0.5,8,18235
10000000,1000000,0.5,8,17902
10000000,1000000,0.5,8,18931
10000000,1000000,0.5,8,18343
10000000,1000000,0.5,8,17830
10000000,1000000,0.5,8,17891
10000000,1000000,0.5,8,17907
10000000,1000000,0.5,8,18014
10000000,1000000,0.5,8,18397
10000000,1000000,0.5,8,18561
10000000,1000000,0.5,8,16585
10000000,1000000,0.5,8,15642
10000000,1000000,0.5,8,17922
10000000,1000000,0.5,8,19168
10000000,1000000,0.5,8,18303
10000000,1000000,0.5,8,18334
10000000,1000000,0.5,8,15156
10000000,1000000,0.5,8,17319
10000000,1000000,0.5,8,18710
10000000,1000000,0.5,8,18347
10000000,1000000,0.5,8,15863
10000000,1000000,0.5,8,15802
10000000,1000000,0.5,8,17999
10000000,1000000,0.5,8,18725
10000000,1000000,0.5,8,18379
10000000,1000000,0.5,8,16310
10000000,1000000,0.5,8,16645
10000000,1000000,0.5,8,16963
10000000,1000000,0.5,8,18468
10000000,1000000,0.5,8,17920
10000000,1000000,0.5,8,18316
10000000,1000000,0.5,8,18423
10000000,1000000,0.5,8,17946
10000000,1000000,0.5,8,17850
10000000,1000000,0.5,8,17459
10000000,1000000,0.5,8,17972
10000000,1000000,0.5,8,17881
10000000,1000000,0.5,8,18279
10000000,1000000,0.5,8,14586
10000000,1000000,0.5,8,15000
10000000,1000000,0.5,8,14938
10000000,1000000,0.5,8,15557
10000000,1000000,0.5,8,14976
10000000,1000000,0.5,8,14584
10000000,1000000,0.5,8,22292
10000000,1000000,0.5,8,18095
10000000,1000000,0.5,8,19250
10000000,1000000,0.5,8,17152
10000000,1000000,0.5,8,18069
10000000,1000000,0.5,8,17965
10000000,1000000,0.5,8,17572
10000000,1000000,0.5,8,15356
10000000,1000000,0.5,8,15771
10000000,1000000,0.5,8,15165
10000000,1000000,0.5,8,17781
10000000,1000000,0.5,8,18404
10000000,1000000,0.5,8,17621
10000000,1000000,0.5,8,16968
10000000,1000000,0.5,8,16600
10000000,1000000,0.5,8,14591
10000000,1000000,0.5,8,17666
10000000,1000000,0.5,8,14911
10000000,1000000,0.5,8,14599
10000000,1000000,0.5,8,14925
10000000,1000000,0.5,8,14576
10000000,1000000,0.5,8,14250
10000000,1000000,0.5,8,14511
10000000,1000000,0.5,8,14449
10000000,1000000,0.5,8,14558
10000000,1000000,0.5,8,15502
10000000,1000000,0.5,8,15469
10000000,1000000,0.5,8,14514
10000000,1000000,0.5,8,15282
10000000,1000000,0.5,8,14494
10000000,1000000,0.5,8,14489
10000000,1000000,0.5,8,14348
10000000,1000000,0.5,8,15937
10000000,1000000,0.5,8,14439
10000000,1000000,0.5,8,15015
10000000,1000000,0.5,8,14886
10000000,1000000,0.5,8,17570
10000000,1000000,0.5,8,16280
10000000,1000000,0.5,8,14575
10000000,1000000,0.5,8,14555
10000000,1000000,0.5,8,14697
10000000,1000000,0.5,8,15590
10000000,1000000,0.5,8,14543
10000000,1000000,0.5,8,14465
10000000,1000000,0.5,8,14332
10000000,1000000,0.5,8,17056
10000000,1000000,0.5,16,15499
10000000,1000000,0.5,16,14579
10000000,1000000,0.5,16,14485
10000000,1000000,0.5,16,15347
10000000,1000000,0.5,16,14468
10000000,1000000,0.5,16,14330
10000000,1000000,0.5,16,14452
10000000,1000000,0.5,16,14508
10000000,1000000,0.5,16,14974
10000000,1000000,0.5,16,15977
10000000,1000000,0.5,16,16152
10000000,1000000,0.5,16,16106
10000000,1000000,0.5,16,16194
10000000,1000000,0.5,16,15255
10000000,1000000,0.5,16,14871
10000000,1000000,0.5,16,14633
10000000,1000000,0.5,16,14495
10000000,1000000,0.5,16,14446
10000000,1000000,0.5,16,14981
10000000,1000000,0.5,16,14492
10000000,1000000,0.5,16,15484
10000000,1000000,0.5,16,14758
10000000,1000000,0.5,16,14466
10000000,1000000,0.5,16,15004
10000000,1000000,0.5,16,14310
10000000,1000000,0.5,16,14250
10000000,1000000,0.5,16,14468
10000000,1000000,0.5,16,14812
10000000,1000000,0.5,16,14473
10000000,1000000,0.5,16,14351
10000000,1000000,0.5,16,15448
10000000,1000000,0.5,16,14531
10000000,1000000,0.5,16,16639
10000000,1000000,0.5,16,15012
10000000,1000000,0.5,16,14291
10000000,1000000,0.5,16,14329
10000000,1000000,0.5,16,15326
10000000,1000000,0.5,16,14475
10000000,1000000,0.5,16,14735
10000000,1000000,0.5,16,14446
10000000,1000000,0.5,16,14403
10000000,1000000,0.5,16,14479
10000000,1000000,0.5,16,14237
10000000,1000000,0.5,16,14478
10000000,1000000,0.5,16,14760
10000000,1000000,0.5,16,14410
10000000,1000000,0.5,16,14493
10000000,1000000,0.5,16,14477
10000000,1000000,0.5,16,14960
10000000,1000000,0.5,16,14480
10000000,1000000,0.5,16,14505
10000000,1000000,0.5,16,14827
10000000,1000000,0.5,16,14958
10000000,1000000,0.5,16,14743
10000000,1000000,0.5,16,14478
10000000,1000000,0.5,16,14992
10000000,1000000,0.5,16,14494
10000000,1000000,0.5,16,14998
10000000,1000000,0.5,16,14247
10000000,1000000,0.5,16,14975
10000000,1000000,0.5,16,14532
10000000,1000000,0.5,16,14974
10000000,1000000,0.5,16,17233
10000000,1000000,0.5,16,15192
10000000,1000000,0.5,16,14459
10000000,1000000,0.5,16,14565
10000000,1000000,0.5,16,14776
10000000,1000000,0.5,16,14402
10000000,1000000,0.5,16,14982
10000000,1000000,0.5,16,14475
10000000,1000000,0.5,16,14628
10000000,1000000,0.5,16,14371
10000000,1000000,0.5,16,14952
10000000,1000000,0.5,16,14469
10000000,1000000,0.5,16,14552
10000000,1000000,0.5,16,14605
10000000,1000000,0.5,16,15386
10000000,1000000,0.5,16,14460
10000000,1000000,0.5,16,14953
10000000,1000000,0.5,16,14486
10000000,1000000,0.5,16,15151
10000000,1000000,0.5,16,14487
10000000,1000000,0.5,16,14494
10000000,1000000,0.5,16,16831
10000000,1000000,0.5,16,14521
10000000,1000000,0.5,16,14778
10000000,1000000,0.5,16,14424
10000000,1000000,0.5,16,15018
10000000,1000000,0.5,16,14526
10000000,1000000,0.5,16,14536
10000000,1000000,0.5,16,14363
10000000,1000000,0.5,16,14535
10000000,1000000,0.5,16,15010
10000000,1000000,0.5,16,14519
10000000,1000000,0.5,16,14513
10000000,1000000,0.5,16,14834
10000000,1000000,0.5,16,14504
10000000,1000000,0.5,16,15324
10000000,1000000,0.5,16,14501
10000000,1000000,0.5,16,14313
