30000000,100000,3000,"zipf3000",14,4,0,29658988
30000000,100000,3000,"zipf3000",14,4,5,7083
30000000,100000,3000,"zipf3000",14,4,6,41123
30000000,100000,3000,"zipf3000",14,4,7,38724
30000000,100000,3000,"zipf3000",14,4,8,25116
30000000,100000,3000,"zipf3000",14,4,9,23759
30000000,100000,3000,"zipf3000",14,4,10,17637
30000000,100000,3000,"zipf3000",14,4,11,16512
30000000,100000,3000,"zipf3000",14,4,12,13751
30000000,100000,3000,"zipf3000",14,4,13,10129
30000000,100000,3000,"zipf3000",14,4,14,9793
30000000,100000,3000,"zipf3000",14,4,15,8127
30000000,100000,3000,"zipf3000",14,4,16,8257
30000000,100000,3000,"zipf3000",14,4,17,6405
30000000,100000,3000,"zipf3000",14,4,18,6256
30000000,100000,3000,"zipf3000",14,4,19,4861
30000000,100000,3000,"zipf3000",14,4,20,5672
30000000,100000,3000,"zipf3000",14,4,21,3811
30000000,100000,3000,"zipf3000",14,4,22,4201
30000000,100000,3000,"zipf3000",14,4,23,4448
30000000,100000,3000,"zipf3000",14,4,24,3132
30000000,100000,3000,"zipf3000",14,4,25,3954
30000000,100000,3000,"zipf3000",14,4,26,2407
30000000,100000,3000,"zipf3000",14,4,27,2943
30000000,100000,3000,"zipf3000",14,4,28,1852
30000000,100000,3000,"zipf3000",14,4,29,2507
30000000,100000,3000,"zipf3000",14,4,30,1978
30000000,100000,3000,"zipf3000",14,4,31,2426
30000000,100000,3000,"zipf3000",14,4,32,1850
30000000,100000,3000,"zipf3000",14,4,33,1861
30000000,100000,3000,"zipf3000",14,4,34,2285
30000000,100000,3000,"zipf3000",14,4,35,1611
30000000,100000,3000,"zipf3000",14,4,36,1741
30000000,100000,3000,"zipf3000",14,4,37,1442
30000000,100000,3000,"zipf3000",14,4,38,1414
30000000,100000,3000,"zipf3000",14,4,39,1219
30000000,100000,3000,"zipf3000",14,4,40,1670
30000000,100000,3000,"zipf3000",14,4,41,803
30000000,100000,3000,"zipf3000",14,4,42,1625
30000000,100000,3000,"zipf3000",14,4,43,996
30000000,100000,3000,"zipf3000",14,4,44,1254
30000000,100000,3000,"zipf3000",14,4,45,952
30000000,100000,3000,"zipf3000",14,4,46,800
30000000,100000,3000,"zipf3000",14,4,47,1095
30000000,100000,3000,"zipf3000",14,4,48,631
30000000,100000,3000,"zipf3000",14,4,49,794
30000000,100000,3000,"zipf3000",14,4,50,756
30000000,100000,3000,"zipf3000",14,4,51,1319
30000000,100000,3000,"zipf3000",14,4,52,507
30000000,100000,3000,"zipf3000",14,4,53,590
30000000,100000,3000,"zipf3000",14,4,54,679
30000000,100000,3000,"zipf3000",14,4,55,677
30000000,100000,3000,"zipf3000",14,4,56,647
30000000,100000,3000,"zipf3000",14,4,57,481
30000000,100000,3000,"zipf3000",14,4,58,628
30000000,100000,3000,"zipf3000",14,4,59,496
30000000,100000,3000,"zipf3000",14,4,60,677
30000000,100000,3000,"zipf3000",14,4,61,547
30000000,100000,3000,"zipf3000",14,4,62,539
30000000,100000,3000,"zipf3000",14,4,63,351
30000000,100000,3000,"zipf3000",14,4,64,644
30000000,100000,3000,"zipf3000",14,4,65,328
30000000,100000,3000,"zipf3000",14,4,66,890
30000000,100000,3000,"zipf3000",14,4,67,497
30000000,100000,3000,"zipf3000",14,4,68,319
30000000,100000,3000,"zipf3000",14,4,69,564
30000000,100000,3000,"zipf3000",14,4,70,369
30000000,100000,3000,"zipf3000",14,4,71,407
30000000,100000,3000,"zipf3000",14,4,72,378
30000000,100000,3000,"zipf3000",14,4,73,353
30000000,100000,3000,"zipf3000",14,4,74,363
30000000,100000,3000,"zipf3000",14,4,75,673
30000000,100000,3000,"zipf3000",14,4,76,236
30000000,100000,3000,"zipf3000",14,4,77,483
30000000,100000,3000,"zipf3000",14,4,78,251
30000000,100000,3000,"zipf3000",14,4,79,307
30000000,100000,3000,"zipf3000",14,4,80,188
30000000,100000,3000,"zipf3000",14,4,81,201
30000000,100000,3000,"zipf3000",14,4,82,575
30000000,100000,3000,"zipf3000",14,4,83,234
30000000,100000,3000,"zipf3000",14,4,84,349
30000000,100000,3000,"zipf3000",14,4,85,178
30000000,100000,3000,"zipf3000",14,4,86,302
30000000,100000,3000,"zipf3000",14,4,87,273
30000000,100000,3000,"zipf3000",14,4,88,216
30000000,100000,3000,"zipf3000",14,4,89,485
30000000,100000,3000,"zipf3000",14,4,90,86
30000000,100000,3000,"zipf3000",14,4,91,276
30000000,100000,3000,"zipf3000",14,4,92,179
30000000,100000,3000,"zipf3000",14,4,93,363
30000000,100000,3000,"zipf3000",14,4,94,274
30000000,100000,3000,"zipf3000",14,4,95,166
30000000,100000,3000,"zipf3000",14,4,96,218
30000000,100000,3000,"zipf3000",14,4,97,277
30000000,100000,3000,"zipf3000",14,4,98,106
30000000,100000,3000,"zipf3000",14,4,99,160
30000000,100000,3000,"zipf3000",14,4,100,181
30000000,100000,3000,"zipf3000",14,4,101,262
30000000,100000,3000,"zipf3000",14,4,102,149
30000000,100000,3000,"zipf3000",14,4,103,83
30000000,100000,3000,"zipf3000",14,4,104,260
30000000,100000,3000,"zipf3000",14,4,105,256
30000000,100000,3000,"zipf3000",14,4,106,204
30000000,100000,3000,"zipf3000",14,4,107,216
30000000,100000,3000,"zipf3000",14,4,108,22
30000000,100000,3000,"zipf3000",14,4,109,260
30000000,100000,3000,"zipf3000",14,4,110,94
30000000,100000,3000,"zipf3000",14,4,111,254
30000000,100000,3000,"zipf3000",14,4,112,144
30000000,100000,3000,"zipf3000",14,4,113,326
30000000,100000,3000,"zipf3000",14,4,114,153
30000000,100000,3000,"zipf3000",14,4,115,96
30000000,100000,3000,"zipf3000",14,4,116,244
30000000,100000,3000,"zipf3000",14,4,117,126
30000000,100000,3000,"zipf3000",14,4,118,150
30000000,100000,3000,"zipf3000",14,4,119,138
30000000,100000,3000,"zipf3000",14,4,120,446
30000000,100000,3000,"zipf3000",14,4,121,46
30000000,100000,3000,"zipf3000",14,4,122,69
30000000,100000,3000,"zipf3000",14,4,123,121
30000000,100000,3000,"zipf3000",14,4,124,48
30000000,100000,3000,"zipf3000",14,4,125,150
30000000,100000,3000,"zipf3000",14,4,126,154
30000000,100000,3000,"zipf3000",14,4,127,65
30000000,100000,3000,"zipf3000",14,4,128,84
30000000,100000,3000,"zipf3000",14,4,129,143
30000000,100000,3000,"zipf3000",14,4,130,131
30000000,100000,3000,"zipf3000",14,4,131,34
30000000,100000,3000,"zipf3000",14,4,132,99
30000000,100000,3000,"zipf3000",14,4,134,108
30000000,100000,3000,"zipf3000",14,4,135,164
30000000,100000,3000,"zipf3000",14,4,136,142
30000000,100000,3000,"zipf3000",14,4,137,160
30000000,100000,3000,"zipf3000",14,4,138,168
30000000,100000,3000,"zipf3000",14,4,139,108
30000000,100000,3000,"zipf3000",14,4,140,145
30000000,100000,3000,"zipf3000",14,4,141,125
30000000,100000,3000,"zipf3000",14,4,143,78
30000000,100000,3000,"zipf3000",14,4,144,105
30000000,100000,3000,"zipf3000",14,4,145,128
30000000,100000,3000,"zipf3000",14,4,146,57
30000000,100000,3000,"zipf3000",14,4,147,52
30000000,100000,3000,"zipf3000",14,4,148,122
30000000,100000,3000,"zipf3000",14,4,150,95
30000000,100000,3000,"zipf3000",14,4,151,117
30000000,100000,3000,"zipf3000",14,4,152,78
30000000,100000,3000,"zipf3000",14,4,154,140
30000000,100000,3000,"zipf3000",14,4,155,70
30000000,100000,3000,"zipf3000",14,4,156,103
30000000,100000,3000,"zipf3000",14,4,157,67
30000000,100000,3000,"zipf3000",14,4,159,71
30000000,100000,3000,"zipf3000",14,4,160,107
30000000,100000,3000,"zipf3000",14,4,162,177
30000000,100000,3000,"zipf3000",14,4,163,215
30000000,100000,3000,"zipf3000",14,4,165,102
30000000,100000,3000,"zipf3000",14,4,166,69
30000000,100000,3000,"zipf3000",14,4,168,30
30000000,100000,3000,"zipf3000",14,4,169,112
30000000,100000,3000,"zipf3000",14,4,171,143
30000000,100000,3000,"zipf3000",14,4,173,57
30000000,100000,3000,"zipf3000",14,4,174,147
30000000,100000,3000,"zipf3000",14,4,176,166
30000000,100000,3000,"zipf3000",14,4,178,69
30000000,100000,3000,"zipf3000",14,4,180,67
30000000,100000,3000,"zipf3000",14,4,181,68
30000000,100000,3000,"zipf3000",14,4,183,203
30000000,100000,3000,"zipf3000",14,4,185,46
30000000,100000,3000,"zipf3000",14,4,187,58
30000000,100000,3000,"zipf3000",14,4,189,93
30000000,100000,3000,"zipf3000",14,4,191,134
30000000,100000,3000,"zipf3000",14,4,193,64
30000000,100000,3000,"zipf3000",14,4,195,63
30000000,100000,3000,"zipf3000",14,4,197,177
30000000,100000,3000,"zipf3000",14,4,200,37
30000000,100000,3000,"zipf3000",14,4,202,112
30000000,100000,3000,"zipf3000",14,4,204,120
30000000,100000,3000,"zipf3000",14,4,207,183
30000000,100000,3000,"zipf3000",14,4,209,216
30000000,100000,3000,"zipf3000",14,4,211,139
30000000,100000,3000,"zipf3000",14,4,214,70
30000000,100000,3000,"zipf3000",14,4,216,154
30000000,100000,3000,"zipf3000",14,4,219,98
30000000,100000,3000,"zipf3000",14,4,222,74
30000000,100000,3000,"zipf3000",14,4,225,98
30000000,100000,3000,"zipf3000",14,4,227,53
30000000,100000,3000,"zipf3000",14,4,230,85
30000000,100000,3000,"zipf3000",14,4,233,145
30000000,100000,3000,"zipf3000",14,4,236,160
30000000,100000,3000,"zipf3000",14,4,240,76
30000000,100000,3000,"zipf3000",14,4,243,120
30000000,100000,3000,"zipf3000",14,4,246,130
30000000,100000,3000,"zipf3000",14,4,250,160
30000000,100000,3000,"zipf3000",14,4,253,122
30000000,100000,3000,"zipf3000",14,4,257,53
30000000,100000,3000,"zipf3000",14,4,260,150
30000000,100000,3000,"zipf3000",14,4,264,119
30000000,100000,3000,"zipf3000",14,4,268,299
30000000,100000,3000,"zipf3000",14,4,272,100
30000000,100000,3000,"zipf3000",14,4,277,69
30000000,100000,3000,"zipf3000",14,4,281,64
30000000,100000,3000,"zipf3000",14,4,285,163
30000000,100000,3000,"zipf3000",14,4,290,95
30000000,100000,3000,"zipf3000",14,4,295,27
30000000,100000,3000,"zipf3000",14,4,300,140
30000000,100000,3000,"zipf3000",14,4,305,90
30000000,100000,3000,"zipf3000",14,4,310,60
30000000,100000,3000,"zipf3000",14,4,315,41
30000000,100000,3000,"zipf3000",14,4,321,144
30000000,100000,3000,"zipf3000",14,4,323,16
30000000,100000,3000,"zipf3000",14,4,327,89
30000000,100000,3000,"zipf3000",14,4,330,16
30000000,100000,3000,"zipf3000",14,4,333,141
30000000,100000,3000,"zipf3000",14,4,337,16
30000000,100000,3000,"zipf3000",14,4,339,151
30000000,100000,3000,"zipf3000",14,4,346,101
30000000,100000,3000,"zipf3000",14,4,352,106
30000000,100000,3000,"zipf3000",14,4,359,140
30000000,100000,3000,"zipf3000",14,4,367,134
30000000,100000,3000,"zipf3000",14,4,374,34
30000000,100000,3000,"zipf3000",14,4,382,185
30000000,100000,3000,"zipf3000",14,4,391,58
30000000,100000,3000,"zipf3000",14,4,399,85
30000000,100000,3000,"zipf3000",14,4,409,140
30000000,100000,3000,"zipf3000",14,4,418,130
30000000,100000,3000,"zipf3000",14,4,428,103
30000000,100000,3000,"zipf3000",14,4,438,93
30000000,100000,3000,"zipf3000",14,4,449,81
30000000,100000,3000,"zipf3000",14,4,461,68
30000000,100000,3000,"zipf3000",14,4,473,141
30000000,100000,3000,"zipf3000",14,4,486,203
30000000,100000,3000,"zipf3000",14,4,499,197
30000000,100000,3000,"zipf3000",14,4,513,114
30000000,100000,3000,"zipf3000",14,4,528,92
30000000,100000,3000,"zipf3000",14,4,545,149
30000000,100000,3000,"zipf3000",14,4,561,148
30000000,100000,3000,"zipf3000",14,4,579,192
30000000,100000,3000,"zipf3000",14,4,599,101
30000000,100000,3000,"zipf3000",14,4,610,17
30000000,100000,3000,"zipf3000",14,4,615,17
30000000,100000,3000,"zipf3000",14,4,619,79
30000000,100000,3000,"zipf3000",14,4,642,107
30000000,100000,3000,"zipf3000",14,4,665,83
30000000,100000,3000,"zipf3000",14,4,691,75
30000000,100000,3000,"zipf3000",14,4,718,103
30000000,100000,3000,"zipf3000",14,4,748,101
30000000,100000,3000,"zipf3000",14,4,780,128
30000000,100000,3000,"zipf3000",14,4,816,98
30000000,100000,3000,"zipf3000",14,4,855,129
30000000,100000,3000,"zipf3000",14,4,897,142
30000000,100000,3000,"zipf3000",14,4,944,57
30000000,100000,3000,"zipf3000",14,4,996,119
30000000,100000,3000,"zipf3000",14,4,1055,135
30000000,100000,3000,"zipf3000",14,4,1120,85
30000000,100000,3000,"zipf3000",14,4,1195,78
30000000,100000,3000,"zipf3000",14,4,1279,135
30000000,100000,3000,"zipf3000",14,4,1377,136
30000000,100000,3000,"zipf3000",14,4,1491,51
30000000,100000,3000,"zipf3000",14,8,0,29977536
30000000,100000,3000,"zipf3000",14,8,5,448
30000000,100000,3000,"zipf3000",14,8,6,2547
30000000,100000,3000,"zipf3000",14,8,7,2803
30000000,100000,3000,"zipf3000",14,8,8,1582
30000000,100000,3000,"zipf3000",14,8,9,1690
30000000,100000,3000,"zipf3000",14,8,10,1158
30000000,100000,3000,"zipf3000",14,8,11,1284
30000000,100000,3000,"zipf3000",14,8,12,908
30000000,100000,3000,"zipf3000",14,8,13,661
30000000,100000,3000,"zipf3000",14,8,14,385
30000000,100000,3000,"zipf3000",14,8,15,483
30000000,100000,3000,"zipf3000",14,8,16,365
30000000,100000,3000,"zipf3000",14,8,17,457
30000000,100000,3000,"zipf3000",14,8,18,318
30000000,100000,3000,"zipf3000",14,8,19,367
30000000,100000,3000,"zipf3000",14,8,20,387
30000000,100000,3000,"zipf3000",14,8,21,125
30000000,100000,3000,"zipf3000",14,8,22,284
30000000,100000,3000,"zipf3000",14,8,23,336
30000000,100000,3000,"zipf3000",14,8,24,217
30000000,100000,3000,"zipf3000",14,8,25,175
30000000,100000,3000,"zipf3000",14,8,26,136
30000000,100000,3000,"zipf3000",14,8,27,107
30000000,100000,3000,"zipf3000",14,8,28,156
30000000,100000,3000,"zipf3000",14,8,29,174
30000000,100000,3000,"zipf3000",14,8,30,57
30000000,100000,3000,"zipf3000",14,8,31,171
30000000,100000,3000,"zipf3000",14,8,32,211
30000000,100000,3000,"zipf3000",14,8,33,116
30000000,100000,3000,"zipf3000",14,8,34,112
30000000,100000,3000,"zipf3000",14,8,35,44
30000000,100000,3000,"zipf3000",14,8,36,195
30000000,100000,3000,"zipf3000",14,8,37,134
30000000,100000,3000,"zipf3000",14,8,38,161
30000000,100000,3000,"zipf3000",14,8,39,78
30000000,100000,3000,"zipf3000",14,8,40,160
30000000,100000,3000,"zipf3000",14,8,41,55
30000000,100000,3000,"zipf3000",14,8,42,95
30000000,100000,3000,"zipf3000",14,8,43,66
30000000,100000,3000,"zipf3000",14,8,44,34
30000000,100000,3000,"zipf3000",14,8,45,28
30000000,100000,3000,"zipf3000",14,8,46,22
30000000,100000,3000,"zipf3000",14,8,47,40
30000000,100000,3000,"zipf3000",14,8,48,25
30000000,100000,3000,"zipf3000",14,8,49,90
30000000,100000,3000,"zipf3000",14,8,50,77
30000000,100000,3000,"zipf3000",14,8,51,85
30000000,100000,3000,"zipf3000",14,8,52,65
30000000,100000,3000,"zipf3000",14,8,53,52
30000000,100000,3000,"zipf3000",14,8,54,43
30000000,100000,3000,"zipf3000",14,8,56,48
30000000,100000,3000,"zipf3000",14,8,57,36
30000000,100000,3000,"zipf3000",14,8,59,17
30000000,100000,3000,"zipf3000",14,8,60,22
30000000,100000,3000,"zipf3000",14,8,61,40
30000000,100000,3000,"zipf3000",14,8,62,60
30000000,100000,3000,"zipf3000",14,8,63,46
30000000,100000,3000,"zipf3000",14,8,64,24
30000000,100000,3000,"zipf3000",14,8,65,36
30000000,100000,3000,"zipf3000",14,8,66,32
30000000,100000,3000,"zipf3000",14,8,67,72
30000000,100000,3000,"zipf3000",14,8,68,78
30000000,100000,3000,"zipf3000",14,8,69,71
30000000,100000,3000,"zipf3000",14,8,70,17
30000000,100000,3000,"zipf3000",14,8,71,31
30000000,100000,3000,"zipf3000",14,8,72,85
30000000,100000,3000,"zipf3000",14,8,73,37
30000000,100000,3000,"zipf3000",14,8,75,83
30000000,100000,3000,"zipf3000",14,8,76,12
30000000,100000,3000,"zipf3000",14,8,78,32
30000000,100000,3000,"zipf3000",14,8,81,20
30000000,100000,3000,"zipf3000",14,8,83,23
30000000,100000,3000,"zipf3000",14,8,86,24
30000000,100000,3000,"zipf3000",14,8,87,35
30000000,100000,3000,"zipf3000",14,8,88,14
30000000,100000,3000,"zipf3000",14,8,89,16
30000000,100000,3000,"zipf3000",14,8,91,52
30000000,100000,3000,"zipf3000",14,8,92,41
30000000,100000,3000,"zipf3000",14,8,93,33
30000000,100000,3000,"zipf3000",14,8,94,43
30000000,100000,3000,"zipf3000",14,8,95,44
30000000,100000,3000,"zipf3000",14,8,97,23
30000000,100000,3000,"zipf3000",14,8,102,14
30000000,100000,3000,"zipf3000",14,8,105,24
30000000,100000,3000,"zipf3000",14,8,106,15
30000000,100000,3000,"zipf3000",14,8,110,19
30000000,100000,3000,"zipf3000",14,8,111,23
30000000,100000,3000,"zipf3000",14,8,113,38
30000000,100000,3000,"zipf3000",14,8,116,41
30000000,100000,3000,"zipf3000",14,8,118,22
30000000,100000,3000,"zipf3000",14,8,123,20
30000000,100000,3000,"zipf3000",14,8,127,22
30000000,100000,3000,"zipf3000",14,8,128,22
30000000,100000,3000,"zipf3000",14,8,132,36
30000000,100000,3000,"zipf3000",14,8,137,20
30000000,100000,3000,"zipf3000",14,8,141,19
30000000,100000,3000,"zipf3000",14,8,143,23
30000000,100000,3000,"zipf3000",14,8,144,19
30000000,100000,3000,"zipf3000",14,8,145,16
30000000,100000,3000,"zipf3000",14,8,147,20
30000000,100000,3000,"zipf3000",14,8,151,19
30000000,100000,3000,"zipf3000",14,8,157,22
30000000,100000,3000,"zipf3000",14,8,163,27
30000000,100000,3000,"zipf3000",14,8,176,23
30000000,100000,3000,"zipf3000",14,8,178,47
30000000,100000,3000,"zipf3000",14,8,191,27
30000000,100000,3000,"zipf3000",14,8,202,21
30000000,100000,3000,"zipf3000",14,8,204,38
30000000,100000,3000,"zipf3000",14,8,207,36
30000000,100000,3000,"zipf3000",14,8,211,16
30000000,100000,3000,"zipf3000",14,8,216,26
30000000,100000,3000,"zipf3000",14,8,225,22
30000000,100000,3000,"zipf3000",14,8,230,22
30000000,100000,3000,"zipf3000",14,8,240,12
30000000,100000,3000,"zipf3000",14,8,243,39
30000000,100000,3000,"zipf3000",14,8,253,21
30000000,100000,3000,"zipf3000",14,8,260,22
30000000,100000,3000,"zipf3000",14,8,264,21
30000000,100000,3000,"zipf3000",14,8,268,23
30000000,100000,3000,"zipf3000",14,8,272,20
30000000,100000,3000,"zipf3000",14,8,290,23
30000000,100000,3000,"zipf3000",14,8,315,57
30000000,100000,3000,"zipf3000",14,8,327,14
30000000,100000,3000,"zipf3000",14,8,333,20
30000000,100000,3000,"zipf3000",14,8,339,17
30000000,100000,3000,"zipf3000",14,8,346,18
30000000,100000,3000,"zipf3000",14,8,352,15
30000000,100000,3000,"zipf3000",14,8,367,37
30000000,100000,3000,"zipf3000",14,8,382,21
30000000,100000,3000,"zipf3000",14,8,391,22
30000000,100000,3000,"zipf3000",14,8,399,12
30000000,100000,3000,"zipf3000",14,8,409,43
30000000,100000,3000,"zipf3000",14,8,428,34
30000000,100000,3000,"zipf3000",14,8,486,58
30000000,100000,3000,"zipf3000",14,8,579,19
30000000,100000,3000,"zipf3000",14,8,718,31
30000000,100000,3000,"zipf3000",14,8,780,20
30000000,100000,3000,"zipf3000",14,8,816,11
30000000,100000,3000,"zipf3000",14,8,944,24
30000000,100000,3000,"zipf3000",14,8,1279,16
30000000,100000,3000,"zipf3000",14,8,1377,19
30000000,100000,3000,"zipf3000",14,16,0,29999930
30000000,100000,3000,"zipf3000",14,16,7,16
30000000,100000,3000,"zipf3000",14,16,9,16
30000000,100000,3000,"zipf3000",14,16,17,19
30000000,100000,3000,"zipf3000",14,16,56,19
30000000,100000,3000,"zipf3000",15,2,0,29321938
30000000,100000,3000,"zipf3000",15,2,5,15121
30000000,100000,3000,"zipf3000",15,2,6,84240
30000000,100000,3000,"zipf3000",15,2,7,76273
30000000,100000,3000,"zipf3000",15,2,8,49753
30000000,100000,3000,"zipf3000",15,2,9,47571
30000000,100000,3000,"zipf3000",15,2,10,33463
30000000,100000,3000,"zipf3000",15,2,11,33121
30000000,100000,3000,"zipf3000",15,2,12,26909
30000000,100000,3000,"zipf3000",15,2,13,20242
30000000,100000,3000,"zipf3000",15,2,14,19769
30000000,100000,3000,"zipf3000",15,2,15,16052
30000000,100000,3000,"zipf3000",15,2,16,16394
30000000,100000,3000,"zipf3000",15,2,17,12402
30000000,100000,3000,"zipf3000",15,2,18,12784
30000000,100000,3000,"zipf3000",15,2,19,9451
30000000,100000,3000,"zipf3000",15,2,20,10504
30000000,100000,3000,"zipf3000",15,2,21,7577
30000000,100000,3000,"zipf3000",15,2,22,9211
30000000,100000,3000,"zipf3000",15,2,23,8550
30000000,100000,3000,"zipf3000",15,2,24,5947
30000000,100000,3000,"zipf3000",15,2,25,7117
30000000,100000,3000,"zipf3000",15,2,26,4982
30000000,100000,3000,"zipf3000",15,2,27,5957
30000000,100000,3000,"zipf3000",15,2,28,3684
30000000,100000,3000,"zipf3000",15,2,29,5107
30000000,100000,3000,"zipf3000",15,2,30,3717
30000000,100000,3000,"zipf3000",15,2,31,4980
30000000,100000,3000,"zipf3000",15,2,32,3879
30000000,100000,3000,"zipf3000",15,2,33,4183
30000000,100000,3000,"zipf3000",15,2,34,4202
30000000,100000,3000,"zipf3000",15,2,35,3075
30000000,100000,3000,"zipf3000",15,2,36,3308
30000000,100000,3000,"zipf3000",15,2,37,2850
30000000,100000,3000,"zipf3000",15,2,38,2867
30000000,100000,3000,"zipf3000",15,2,39,2625
30000000,100000,3000,"zipf3000",15,2,40,3122
30000000,100000,3000,"zipf3000",15,2,41,1514
30000000,100000,3000,"zipf3000",15,2,42,3182
30000000,100000,3000,"zipf3000",15,2,43,2002
30000000,100000,3000,"zipf3000",15,2,44,2299
30000000,100000,3000,"zipf3000",15,2,45,1733
30000000,100000,3000,"zipf3000",15,2,46,1699
30000000,100000,3000,"zipf3000",15,2,47,2300
30000000,100000,3000,"zipf3000",15,2,48,1488
30000000,100000,3000,"zipf3000",15,2,49,1465
30000000,100000,3000,"zipf3000",15,2,50,1532
30000000,100000,3000,"zipf3000",15,2,51,2131
30000000,100000,3000,"zipf3000",15,2,52,1134
30000000,100000,3000,"zipf3000",15,2,53,1463
30000000,100000,3000,"zipf3000",15,2,54,1410
30000000,100000,3000,"zipf3000",15,2,55,1315
30000000,100000,3000,"zipf3000",15,2,56,1395
30000000,100000,3000,"zipf3000",15,2,57,1097
30000000,100000,3000,"zipf3000",15,2,58,1385
30000000,100000,3000,"zipf3000",15,2,59,920
30000000,100000,3000,"zipf3000",15,2,60,1433
30000000,100000,3000,"zipf3000",15,2,61,1002
30000000,100000,3000,"zipf3000",15,2,62,1168
30000000,100000,3000,"zipf3000",15,2,63,695
30000000,100000,3000,"zipf3000",15,2,64,1195
30000000,100000,3000,"zipf3000",15,2,65,627
30000000,100000,3000,"zipf3000",15,2,66,1616
30000000,100000,3000,"zipf3000",15,2,67,951
30000000,100000,3000,"zipf3000",15,2,68,729
30000000,100000,3000,"zipf3000",15,2,69,1161
30000000,100000,3000,"zipf3000",15,2,70,723
30000000,100000,3000,"zipf3000",15,2,71,641
30000000,100000,3000,"zipf3000",15,2,72,793
30000000,100000,3000,"zipf3000",15,2,73,711
30000000,100000,3000,"zipf3000",15,2,74,707
30000000,100000,3000,"zipf3000",15,2,75,1048
30000000,100000,3000,"zipf3000",15,2,76,548
30000000,100000,3000,"zipf3000",15,2,77,861
30000000,100000,3000,"zipf3000",15,2,78,614
30000000,100000,3000,"zipf3000",15,2,79,609
30000000,100000,3000,"zipf3000",15,2,80,550
30000000,100000,3000,"zipf3000",15,2,81,544
30000000,100000,3000,"zipf3000",15,2,82,777
30000000,100000,3000,"zipf3000",15,2,83,579
30000000,100000,3000,"zipf3000",15,2,84,828
30000000,100000,3000,"zipf3000",15,2,85,357
30000000,100000,3000,"zipf3000",15,2,86,672
30000000,100000,3000,"zipf3000",15,2,87,486
30000000,100000,3000,"zipf3000",15,2,88,448
30000000,100000,3000,"zipf3000",15,2,89,716
30000000,100000,3000,"zipf3000",15,2,90,276
30000000,100000,3000,"zipf3000",15,2,91,391
30000000,100000,3000,"zipf3000",15,2,92,457
30000000,100000,3000,"zipf3000",15,2,93,567
30000000,100000,3000,"zipf3000",15,2,94,544
30000000,100000,3000,"zipf3000",15,2,95,485
30000000,100000,3000,"zipf3000",15,2,96,483
30000000,100000,3000,"zipf3000",15,2,97,572
30000000,100000,3000,"zipf3000",15,2,98,173
30000000,100000,3000,"zipf3000",15,2,99,342
30000000,100000,3000,"zipf3000",15,2,100,370
30000000,100000,3000,"zipf3000",15,2,101,597
30000000,100000,3000,"zipf3000",15,2,102,354
30000000,100000,3000,"zipf3000",15,2,103,255
30000000,100000,3000,"zipf3000",15,2,104,330
30000000,100000,3000,"zipf3000",15,2,105,392
30000000,100000,3000,"zipf3000",15,2,106,326
30000000,100000,3000,"zipf3000",15,2,107,425
30000000,100000,3000,"zipf3000",15,2,108,282
30000000,100000,3000,"zipf3000",15,2,109,496
30000000,100000,3000,"zipf3000",15,2,110,201
30000000,100000,3000,"zipf3000",15,2,111,435
30000000,100000,3000,"zipf3000",15,2,112,225
30000000,100000,3000,"zipf3000",15,2,113,429
30000000,100000,3000,"zipf3000",15,2,114,228
30000000,100000,3000,"zipf3000",15,2,115,174
30000000,100000,3000,"zipf3000",15,2,116,381
30000000,100000,3000,"zipf3000",15,2,117,243
30000000,100000,3000,"zipf3000",15,2,118,200
30000000,100000,3000,"zipf3000",15,2,119,224
30000000,100000,3000,"zipf3000",15,2,120,675
30000000,100000,3000,"zipf3000",15,2,121,172
30000000,100000,3000,"zipf3000",15,2,122,211
30000000,100000,3000,"zipf3000",15,2,123,390
30000000,100000,3000,"zipf3000",15,2,124,174
30000000,100000,3000,"zipf3000",15,2,125,399
30000000,100000,3000,"zipf3000",15,2,126,391
30000000,100000,3000,"zipf3000",15,2,127,202
30000000,100000,3000,"zipf3000",15,2,128,255
30000000,100000,3000,"zipf3000",15,2,129,302
30000000,100000,3000,"zipf3000",15,2,130,236
30000000,100000,3000,"zipf3000",15,2,131,102
30000000,100000,3000,"zipf3000",15,2,132,172
30000000,100000,3000,"zipf3000",15,2,133,51
30000000,100000,3000,"zipf3000",15,2,134,253
30000000,100000,3000,"zipf3000",15,2,135,197
30000000,100000,3000,"zipf3000",15,2,136,197
30000000,100000,3000,"zipf3000",15,2,137,187
30000000,100000,3000,"zipf3000",15,2,138,323
30000000,100000,3000,"zipf3000",15,2,139,216
30000000,100000,3000,"zipf3000",15,2,140,401
30000000,100000,3000,"zipf3000",15,2,141,156
30000000,100000,3000,"zipf3000",15,2,143,165
30000000,100000,3000,"zipf3000",15,2,144,239
30000000,100000,3000,"zipf3000",15,2,145,267
30000000,100000,3000,"zipf3000",15,2,146,112
30000000,100000,3000,"zipf3000",15,2,147,103
30000000,100000,3000,"zipf3000",15,2,148,169
30000000,100000,3000,"zipf3000",15,2,150,217
30000000,100000,3000,"zipf3000",15,2,151,229
30000000,100000,3000,"zipf3000",15,2,152,131
30000000,100000,3000,"zipf3000",15,2,154,236
30000000,100000,3000,"zipf3000",15,2,155,196
30000000,100000,3000,"zipf3000",15,2,156,211
30000000,100000,3000,"zipf3000",15,2,157,216
30000000,100000,3000,"zipf3000",15,2,159,279
30000000,100000,3000,"zipf3000",15,2,160,151
30000000,100000,3000,"zipf3000",15,2,162,206
30000000,100000,3000,"zipf3000",15,2,163,459
30000000,100000,3000,"zipf3000",15,2,165,136
30000000,100000,3000,"zipf3000",15,2,166,157
30000000,100000,3000,"zipf3000",15,2,168,169
30000000,100000,3000,"zipf3000",15,2,169,345
30000000,100000,3000,"zipf3000",15,2,171,303
30000000,100000,3000,"zipf3000",15,2,173,245
30000000,100000,3000,"zipf3000",15,2,174,326
30000000,100000,3000,"zipf3000",15,2,176,308
30000000,100000,3000,"zipf3000",15,2,177,47
30000000,100000,3000,"zipf3000",15,2,178,132
30000000,100000,3000,"zipf3000",15,2,180,154
30000000,100000,3000,"zipf3000",15,2,181,160
30000000,100000,3000,"zipf3000",15,2,183,346
30000000,100000,3000,"zipf3000",15,2,185,151
30000000,100000,3000,"zipf3000",15,2,187,153
30000000,100000,3000,"zipf3000",15,2,188,22
30000000,100000,3000,"zipf3000",15,2,189,195
30000000,100000,3000,"zipf3000",15,2,191,216
30000000,100000,3000,"zipf3000",15,2,193,259
30000000,100000,3000,"zipf3000",15,2,195,177
30000000,100000,3000,"zipf3000",15,2,197,298
30000000,100000,3000,"zipf3000",15,2,200,181
30000000,100000,3000,"zipf3000",15,2,202,144
30000000,100000,3000,"zipf3000",15,2,204,226
30000000,100000,3000,"zipf3000",15,2,207,323
30000000,100000,3000,"zipf3000",15,2,209,234
30000000,100000,3000,"zipf3000",15,2,211,259
30000000,100000,3000,"zipf3000",15,2,214,241
30000000,100000,3000,"zipf3000",15,2,216,139
30000000,100000,3000,"zipf3000",15,2,219,96
30000000,100000,3000,"zipf3000",15,2,222,141
30000000,100000,3000,"zipf3000",15,2,225,171
30000000,100000,3000,"zipf3000",15,2,227,242
30000000,100000,3000,"zipf3000",15,2,230,178
30000000,100000,3000,"zipf3000",15,2,233,198
30000000,100000,3000,"zipf3000",15,2,236,262
30000000,100000,3000,"zipf3000",15,2,240,228
30000000,100000,3000,"zipf3000",15,2,241,25
30000000,100000,3000,"zipf3000",15,2,242,25
30000000,100000,3000,"zipf3000",15,2,243,253
30000000,100000,3000,"zipf3000",15,2,245,17
30000000,100000,3000,"zipf3000",15,2,246,226
30000000,100000,3000,"zipf3000",15,2,248,17
30000000,100000,3000,"zipf3000",15,2,250,270
30000000,100000,3000,"zipf3000",15,2,253,320
30000000,100000,3000,"zipf3000",15,2,257,185
30000000,100000,3000,"zipf3000",15,2,260,237
30000000,100000,3000,"zipf3000",15,2,263,34
30000000,100000,3000,"zipf3000",15,2,264,243
30000000,100000,3000,"zipf3000",15,2,268,441
30000000,100000,3000,"zipf3000",15,2,272,175
30000000,100000,3000,"zipf3000",15,2,277,166
30000000,100000,3000,"zipf3000",15,2,281,253
30000000,100000,3000,"zipf3000",15,2,285,289
30000000,100000,3000,"zipf3000",15,2,290,137
30000000,100000,3000,"zipf3000",15,2,295,132
30000000,100000,3000,"zipf3000",15,2,300,230
30000000,100000,3000,"zipf3000",15,2,305,193
30000000,100000,3000,"zipf3000",15,2,310,177
30000000,100000,3000,"zipf3000",15,2,315,144
30000000,100000,3000,"zipf3000",15,2,321,233
30000000,100000,3000,"zipf3000",15,2,323,20
30000000,100000,3000,"zipf3000",15,2,327,196
30000000,100000,3000,"zipf3000",15,2,328,12
30000000,100000,3000,"zipf3000",15,2,329,13
30000000,100000,3000,"zipf3000",15,2,330,18
30000000,100000,3000,"zipf3000",15,2,333,282
30000000,100000,3000,"zipf3000",15,2,337,20
30000000,100000,3000,"zipf3000",15,2,339,235
30000000,100000,3000,"zipf3000",15,2,346,199
30000000,100000,3000,"zipf3000",15,2,352,145
30000000,100000,3000,"zipf3000",15,2,359,233
30000000,100000,3000,"zipf3000",15,2,367,195
30000000,100000,3000,"zipf3000",15,2,374,171
30000000,100000,3000,"zipf3000",15,2,382,291
30000000,100000,3000,"zipf3000",15,2,391,125
30000000,100000,3000,"zipf3000",15,2,399,110
30000000,100000,3000,"zipf3000",15,2,409,270
30000000,100000,3000,"zipf3000",15,2,418,250
30000000,100000,3000,"zipf3000",15,2,428,242
30000000,100000,3000,"zipf3000",15,2,438,228
30000000,100000,3000,"zipf3000",15,2,449,167
30000000,100000,3000,"zipf3000",15,2,461,192
30000000,100000,3000,"zipf3000",15,2,473,184
30000000,100000,3000,"zipf3000",15,2,486,332
30000000,100000,3000,"zipf3000",15,2,499,374
30000000,100000,3000,"zipf3000",15,2,513,122
30000000,100000,3000,"zipf3000",15,2,528,213
30000000,100000,3000,"zipf3000",15,2,545,250
30000000,100000,3000,"zipf3000",15,2,561,198
30000000,100000,3000,"zipf3000",15,2,579,284
30000000,100000,3000,"zipf3000",15,2,599,199
30000000,100000,3000,"zipf3000",15,2,610,21
30000000,100000,3000,"zipf3000",15,2,615,21
30000000,100000,3000,"zipf3000",15,2,619,195
30000000,100000,3000,"zipf3000",15,2,642,173
30000000,100000,3000,"zipf3000",15,2,665,117
30000000,100000,3000,"zipf3000",15,2,691,249
30000000,100000,3000,"zipf3000",15,2,718,222
30000000,100000,3000,"zipf3000",15,2,748,128
30000000,100000,3000,"zipf3000",15,2,780,239
30000000,100000,3000,"zipf3000",15,2,816,258
30000000,100000,3000,"zipf3000",15,2,855,216
30000000,100000,3000,"zipf3000",15,2,897,260
30000000,100000,3000,"zipf3000",15,2,944,223
30000000,100000,3000,"zipf3000",15,2,996,377
30000000,100000,3000,"zipf3000",15,2,1055,282
30000000,100000,3000,"zipf3000",15,2,1120,173
30000000,100000,3000,"zipf3000",15,2,1195,245
30000000,100000,3000,"zipf3000",15,2,1279,217
30000000,100000,3000,"zipf3000",15,2,1288,21
30000000,100000,3000,"zipf3000",15,2,1318,21
30000000,100000,3000,"zipf3000",15,2,1377,197
30000000,100000,3000,"zipf3000",15,2,1491,106
30000000,100000,3000,"zipf3000",15,4,0,29829506
30000000,100000,3000,"zipf3000",15,4,5,3539
30000000,100000,3000,"zipf3000",15,4,6,20407
30000000,100000,3000,"zipf3000",15,4,7,20075
30000000,100000,3000,"zipf3000",15,4,8,11750
30000000,100000,3000,"zipf3000",15,4,9,12176
30000000,100000,3000,"zipf3000",15,4,10,8971
30000000,100000,3000,"zipf3000",15,4,11,8364
30000000,100000,3000,"zipf3000",15,4,12,6539
30000000,100000,3000,"zipf3000",15,4,13,5472
30000000,100000,3000,"zipf3000",15,4,14,4996
30000000,100000,3000,"zipf3000",15,4,15,4059
30000000,100000,3000,"zipf3000",15,4,16,4050
30000000,100000,3000,"zipf3000",15,4,17,2936
30000000,100000,3000,"zipf3000",15,4,18,3142
30000000,100000,3000,"zipf3000",15,4,19,2449
30000000,100000,3000,"zipf3000",15,4,20,2528
30000000,100000,3000,"zipf3000",15,4,21,1571
30000000,100000,3000,"zipf3000",15,4,22,2198
30000000,100000,3000,"zipf3000",15,4,23,2253
30000000,100000,3000,"zipf3000",15,4,24,1623
30000000,100000,3000,"zipf3000",15,4,25,1806
30000000,100000,3000,"zipf3000",15,4,26,1070
30000000,100000,3000,"zipf3000",15,4,27,1486
30000000,100000,3000,"zipf3000",15,4,28,1077
30000000,100000,3000,"zipf3000",15,4,29,1367
30000000,100000,3000,"zipf3000",15,4,30,1200
30000000,100000,3000,"zipf3000",15,4,31,1207
30000000,100000,3000,"zipf3000",15,4,32,824
30000000,100000,3000,"zipf3000",15,4,33,815
30000000,100000,3000,"zipf3000",15,4,34,991
30000000,100000,3000,"zipf3000",15,4,35,750
30000000,100000,3000,"zipf3000",15,4,36,955
30000000,100000,3000,"zipf3000",15,4,37,795
30000000,100000,3000,"zipf3000",15,4,38,796
30000000,100000,3000,"zipf3000",15,4,39,608
30000000,100000,3000,"zipf3000",15,4,40,919
30000000,100000,3000,"zipf3000",15,4,41,539
30000000,100000,3000,"zipf3000",15,4,42,720
30000000,100000,3000,"zipf3000",15,4,43,460
30000000,100000,3000,"zipf3000",15,4,44,583
30000000,100000,3000,"zipf3000",15,4,45,400
30000000,100000,3000,"zipf3000",15,4,46,372
30000000,100000,3000,"zipf3000",15,4,47,571
30000000,100000,3000,"zipf3000",15,4,48,205
30000000,100000,3000,"zipf3000",15,4,49,379
30000000,100000,3000,"zipf3000",15,4,50,409
30000000,100000,3000,"zipf3000",15,4,51,537
30000000,100000,3000,"zipf3000",15,4,52,215
30000000,100000,3000,"zipf3000",15,4,53,366
30000000,100000,3000,"zipf3000",15,4,54,385
30000000,100000,3000,"zipf3000",15,4,55,256
30000000,100000,3000,"zipf3000",15,4,56,282
30000000,100000,3000,"zipf3000",15,4,57,274
30000000,100000,3000,"zipf3000",15,4,58,355
30000000,100000,3000,"zipf3000",15,4,59,180
30000000,100000,3000,"zipf3000",15,4,60,330
30000000,100000,3000,"zipf3000",15,4,61,408
30000000,100000,3000,"zipf3000",15,4,62,252
30000000,100000,3000,"zipf3000",15,4,63,170
30000000,100000,3000,"zipf3000",15,4,64,420
30000000,100000,3000,"zipf3000",15,4,65,222
30000000,100000,3000,"zipf3000",15,4,66,416
30000000,100000,3000,"zipf3000",15,4,67,240
30000000,100000,3000,"zipf3000",15,4,68,249
30000000,100000,3000,"zipf3000",15,4,69,342
30000000,100000,3000,"zipf3000",15,4,70,173
30000000,100000,3000,"zipf3000",15,4,71,188
30000000,100000,3000,"zipf3000",15,4,72,198
30000000,100000,3000,"zipf3000",15,4,73,204
30000000,100000,3000,"zipf3000",15,4,74,138
30000000,100000,3000,"zipf3000",15,4,75,380
30000000,100000,3000,"zipf3000",15,4,76,134
30000000,100000,3000,"zipf3000",15,4,77,221
30000000,100000,3000,"zipf3000",15,4,78,128
30000000,100000,3000,"zipf3000",15,4,79,104
30000000,100000,3000,"zipf3000",15,4,80,100
30000000,100000,3000,"zipf3000",15,4,81,89
30000000,100000,3000,"zipf3000",15,4,82,299
30000000,100000,3000,"zipf3000",15,4,83,132
30000000,100000,3000,"zipf3000",15,4,84,128
30000000,100000,3000,"zipf3000",15,4,85,50
30000000,100000,3000,"zipf3000",15,4,86,79
30000000,100000,3000,"zipf3000",15,4,87,214
30000000,100000,3000,"zipf3000",15,4,88,134
30000000,100000,3000,"zipf3000",15,4,89,229
30000000,100000,3000,"zipf3000",15,4,90,43
30000000,100000,3000,"zipf3000",15,4,91,99
30000000,100000,3000,"zipf3000",15,4,92,150
30000000,100000,3000,"zipf3000",15,4,93,188
30000000,100000,3000,"zipf3000",15,4,94,166
30000000,100000,3000,"zipf3000",15,4,95,113
30000000,100000,3000,"zipf3000",15,4,96,219
30000000,100000,3000,"zipf3000",15,4,97,65
30000000,100000,3000,"zipf3000",15,4,98,20
30000000,100000,3000,"zipf3000",15,4,99,26
30000000,100000,3000,"zipf3000",15,4,100,15
30000000,100000,3000,"zipf3000",15,4,101,98
30000000,100000,3000,"zipf3000",15,4,102,98
30000000,100000,3000,"zipf3000",15,4,103,15
30000000,100000,3000,"zipf3000",15,4,104,146
30000000,100000,3000,"zipf3000",15,4,105,169
30000000,100000,3000,"zipf3000",15,4,106,111
30000000,100000,3000,"zipf3000",15,4,107,127
30000000,100000,3000,"zipf3000",15,4,108,9
30000000,100000,3000,"zipf3000",15,4,109,140
30000000,100000,3000,"zipf3000",15,4,110,42
30000000,100000,3000,"zipf3000",15,4,111,92
30000000,100000,3000,"zipf3000",15,4,112,54
30000000,100000,3000,"zipf3000",15,4,113,137
30000000,100000,3000,"zipf3000",15,4,114,104
30000000,100000,3000,"zipf3000",15,4,116,73
30000000,100000,3000,"zipf3000",15,4,117,48
30000000,100000,3000,"zipf3000",15,4,118,36
30000000,100000,3000,"zipf3000",15,4,119,92
30000000,100000,3000,"zipf3000",15,4,120,188
30000000,100000,3000,"zipf3000",15,4,121,48
30000000,100000,3000,"zipf3000",15,4,122,46
30000000,100000,3000,"zipf3000",15,4,123,86
30000000,100000,3000,"zipf3000",15,4,124,39
30000000,100000,3000,"zipf3000",15,4,125,107
30000000,100000,3000,"zipf3000",15,4,126,99
30000000,100000,3000,"zipf3000",15,4,127,41
30000000,100000,3000,"zipf3000",15,4,128,39
30000000,100000,3000,"zipf3000",15,4,129,78
30000000,100000,3000,"zipf3000",15,4,130,74
30000000,100000,3000,"zipf3000",15,4,132,52
30000000,100000,3000,"zipf3000",15,4,134,25
30000000,100000,3000,"zipf3000",15,4,135,71
30000000,100000,3000,"zipf3000",15,4,136,35
30000000,100000,3000,"zipf3000",15,4,137,169
30000000,100000,3000,"zipf3000",15,4,138,112
30000000,100000,3000,"zipf3000",15,4,139,42
30000000,100000,3000,"zipf3000",15,4,140,87
30000000,100000,3000,"zipf3000",15,4,141,85
30000000,100000,3000,"zipf3000",15,4,143,55
30000000,100000,3000,"zipf3000",15,4,144,38
30000000,100000,3000,"zipf3000",15,4,145,142
30000000,100000,3000,"zipf3000",15,4,146,23
30000000,100000,3000,"zipf3000",15,4,147,38
30000000,100000,3000,"zipf3000",15,4,148,42
30000000,100000,3000,"zipf3000",15,4,150,62
30000000,100000,3000,"zipf3000",15,4,151,64
30000000,100000,3000,"zipf3000",15,4,152,37
30000000,100000,3000,"zipf3000",15,4,154,61
30000000,100000,3000,"zipf3000",15,4,155,24
30000000,100000,3000,"zipf3000",15,4,156,88
30000000,100000,3000,"zipf3000",15,4,157,34
30000000,100000,3000,"zipf3000",15,4,159,21
30000000,100000,3000,"zipf3000",15,4,160,66
30000000,100000,3000,"zipf3000",15,4,162,101
30000000,100000,3000,"zipf3000",15,4,163,89
30000000,100000,3000,"zipf3000",15,4,165,47
30000000,100000,3000,"zipf3000",15,4,166,33
30000000,100000,3000,"zipf3000",15,4,169,65
30000000,100000,3000,"zipf3000",15,4,171,43
30000000,100000,3000,"zipf3000",15,4,174,117
30000000,100000,3000,"zipf3000",15,4,176,45
30000000,100000,3000,"zipf3000",15,4,178,52
30000000,100000,3000,"zipf3000",15,4,180,26
30000000,100000,3000,"zipf3000",15,4,181,91
30000000,100000,3000,"zipf3000",15,4,183,72
30000000,100000,3000,"zipf3000",15,4,185,35
30000000,100000,3000,"zipf3000",15,4,187,23
30000000,100000,3000,"zipf3000",15,4,191,114
30000000,100000,3000,"zipf3000",15,4,193,17
30000000,100000,3000,"zipf3000",15,4,195,43
30000000,100000,3000,"zipf3000",15,4,197,64
30000000,100000,3000,"zipf3000",15,4,202,61
30000000,100000,3000,"zipf3000",15,4,204,48
30000000,100000,3000,"zipf3000",15,4,207,155
30000000,100000,3000,"zipf3000",15,4,209,36
30000000,100000,3000,"zipf3000",15,4,211,61
30000000,100000,3000,"zipf3000",15,4,214,73
30000000,100000,3000,"zipf3000",15,4,216,92
30000000,100000,3000,"zipf3000",15,4,219,50
30000000,100000,3000,"zipf3000",15,4,222,19
30000000,100000,3000,"zipf3000",15,4,225,52
30000000,100000,3000,"zipf3000",15,4,227,24
30000000,100000,3000,"zipf3000",15,4,230,40
30000000,100000,3000,"zipf3000",15,4,233,42
30000000,100000,3000,"zipf3000",15,4,236,45
30000000,100000,3000,"zipf3000",15,4,240,70
30000000,100000,3000,"zipf3000",15,4,243,105
30000000,100000,3000,"zipf3000",15,4,246,19
30000000,100000,3000,"zipf3000",15,4,250,76
30000000,100000,3000,"zipf3000",15,4,253,32
30000000,100000,3000,"zipf3000",15,4,257,42
30000000,100000,3000,"zipf3000",15,4,260,65
30000000,100000,3000,"zipf3000",15,4,264,104
30000000,100000,3000,"zipf3000",15,4,268,159
30000000,100000,3000,"zipf3000",15,4,272,83
30000000,100000,3000,"zipf3000",15,4,277,22
30000000,100000,3000,"zipf3000",15,4,281,41
30000000,100000,3000,"zipf3000",15,4,285,50
30000000,100000,3000,"zipf3000",15,4,290,53
30000000,100000,3000,"zipf3000",15,4,295,24
30000000,100000,3000,"zipf3000",15,4,300,96
30000000,100000,3000,"zipf3000",15,4,305,24
30000000,100000,3000,"zipf3000",15,4,310,36
30000000,100000,3000,"zipf3000",15,4,315,44
30000000,100000,3000,"zipf3000",15,4,321,82
30000000,100000,3000,"zipf3000",15,4,323,14
30000000,100000,3000,"zipf3000",15,4,327,37
30000000,100000,3000,"zipf3000",15,4,330,19
30000000,100000,3000,"zipf3000",15,4,333,57
30000000,100000,3000,"zipf3000",15,4,337,14
30000000,100000,3000,"zipf3000",15,4,339,82
30000000,100000,3000,"zipf3000",15,4,346,24
30000000,100000,3000,"zipf3000",15,4,352,58
30000000,100000,3000,"zipf3000",15,4,359,76
30000000,100000,3000,"zipf3000",15,4,367,80
30000000,100000,3000,"zipf3000",15,4,374,44
30000000,100000,3000,"zipf3000",15,4,382,121
30000000,100000,3000,"zipf3000",15,4,391,33
30000000,100000,3000,"zipf3000",15,4,399,33
30000000,100000,3000,"zipf3000",15,4,409,101
30000000,100000,3000,"zipf3000",15,4,418,86
30000000,100000,3000,"zipf3000",15,4,428,83
30000000,100000,3000,"zipf3000",15,4,438,81
30000000,100000,3000,"zipf3000",15,4,449,23
30000000,100000,3000,"zipf3000",15,4,461,42
30000000,100000,3000,"zipf3000",15,4,473,26
30000000,100000,3000,"zipf3000",15,4,486,128
30000000,100000,3000,"zipf3000",15,4,499,99
30000000,100000,3000,"zipf3000",15,4,513,64
30000000,100000,3000,"zipf3000",15,4,545,55
30000000,100000,3000,"zipf3000",15,4,561,62
30000000,100000,3000,"zipf3000",15,4,579,92
30000000,100000,3000,"zipf3000",15,4,599,81
30000000,100000,3000,"zipf3000",15,4,619,21
30000000,100000,3000,"zipf3000",15,4,642,80
30000000,100000,3000,"zipf3000",15,4,665,53
30000000,100000,3000,"zipf3000",15,4,691,41
30000000,100000,3000,"zipf3000",15,4,718,46
30000000,100000,3000,"zipf3000",15,4,748,50
30000000,100000,3000,"zipf3000",15,4,780,146
30000000,100000,3000,"zipf3000",15,4,816,89
30000000,100000,3000,"zipf3000",15,4,855,44
30000000,100000,3000,"zipf3000",15,4,897,77
30000000,100000,3000,"zipf3000",15,4,944,14
30000000,100000,3000,"zipf3000",15,4,996,67
30000000,100000,3000,"zipf3000",15,4,1055,21
30000000,100000,3000,"zipf3000",15,4,1120,30
30000000,100000,3000,"zipf3000",15,4,1195,82
30000000,100000,3000,"zipf3000",15,4,1279,48
30000000,100000,3000,"zipf3000",15,4,1377,109
30000000,100000,3000,"zipf3000",15,4,1491,23
30000000,100000,3000,"zipf3000",15,8,0,29988848
30000000,100000,3000,"zipf3000",15,8,5,259
30000000,100000,3000,"zipf3000",15,8,6,1133
30000000,100000,3000,"zipf3000",15,8,7,1331
30000000,100000,3000,"zipf3000",15,8,8,959
30000000,100000,3000,"zipf3000",15,8,9,918
30000000,100000,3000,"zipf3000",15,8,10,540
30000000,100000,3000,"zipf3000",15,8,11,696
30000000,100000,3000,"zipf3000",15,8,12,388
30000000,100000,3000,"zipf3000",15,8,13,370
30000000,100000,3000,"zipf3000",15,8,14,112
30000000,100000,3000,"zipf3000",15,8,15,247
30000000,100000,3000,"zipf3000",15,8,16,228
30000000,100000,3000,"zipf3000",15,8,17,355
30000000,100000,3000,"zipf3000",15,8,18,164
30000000,100000,3000,"zipf3000",15,8,19,139
30000000,100000,3000,"zipf3000",15,8,20,280
30000000,100000,3000,"zipf3000",15,8,21,36
30000000,100000,3000,"zipf3000",15,8,22,138
30000000,100000,3000,"zipf3000",15,8,23,158
30000000,100000,3000,"zipf3000",15,8,24,125
30000000,100000,3000,"zipf3000",15,8,25,65
30000000,100000,3000,"zipf3000",15,8,26,92
30000000,100000,3000,"zipf3000",15,8,27,28
30000000,100000,3000,"zipf3000",15,8,28,44
30000000,100000,3000,"zipf3000",15,8,29,64
30000000,100000,3000,"zipf3000",15,8,30,47
30000000,100000,3000,"zipf3000",15,8,31,113
30000000,100000,3000,"zipf3000",15,8,32,149
30000000,100000,3000,"zipf3000",15,8,33,58
30000000,100000,3000,"zipf3000",15,8,34,32
30000000,100000,3000,"zipf3000",15,8,35,15
30000000,100000,3000,"zipf3000",15,8,36,151
30000000,100000,3000,"zipf3000",15,8,37,55
30000000,100000,3000,"zipf3000",15,8,38,66
30000000,100000,3000,"zipf3000",15,8,39,30
30000000,100000,3000,"zipf3000",15,8,40,82
30000000,100000,3000,"zipf3000",15,8,41,56
30000000,100000,3000,"zipf3000",15,8,42,77
30000000,100000,3000,"zipf3000",15,8,43,22
30000000,100000,3000,"zipf3000",15,8,46,19
30000000,100000,3000,"zipf3000",15,8,47,39
30000000,100000,3000,"zipf3000",15,8,49,16
30000000,100000,3000,"zipf3000",15,8,50,38
30000000,100000,3000,"zipf3000",15,8,51,28
30000000,100000,3000,"zipf3000",15,8,54,21
30000000,100000,3000,"zipf3000",15,8,56,18
30000000,100000,3000,"zipf3000",15,8,57,22
30000000,100000,3000,"zipf3000",15,8,61,37
30000000,100000,3000,"zipf3000",15,8,62,18
30000000,100000,3000,"zipf3000",15,8,63,18
30000000,100000,3000,"zipf3000",15,8,64,23
30000000,100000,3000,"zipf3000",15,8,66,19
30000000,100000,3000,"zipf3000",15,8,67,28
30000000,100000,3000,"zipf3000",15,8,69,44
30000000,100000,3000,"zipf3000",15,8,70,20
30000000,100000,3000,"zipf3000",15,8,72,35
30000000,100000,3000,"zipf3000",15,8,73,16
30000000,100000,3000,"zipf3000",15,8,75,38
30000000,100000,3000,"zipf3000",15,8,83,24
30000000,100000,3000,"zipf3000",15,8,87,40
30000000,100000,3000,"zipf3000",15,8,88,18
30000000,100000,3000,"zipf3000",15,8,91,17
30000000,100000,3000,"zipf3000",15,8,92,20
30000000,100000,3000,"zipf3000",15,8,93,15
30000000,100000,3000,"zipf3000",15,8,94,18
30000000,100000,3000,"zipf3000",15,8,97,16
30000000,100000,3000,"zipf3000",15,8,102,28
30000000,100000,3000,"zipf3000",15,8,111,15
30000000,100000,3000,"zipf3000",15,8,113,35
30000000,100000,3000,"zipf3000",15,8,116,24
30000000,100000,3000,"zipf3000",15,8,137,13
30000000,100000,3000,"zipf3000",15,8,145,24
30000000,100000,3000,"zipf3000",15,8,151,22
30000000,100000,3000,"zipf3000",15,8,176,15
30000000,100000,3000,"zipf3000",15,8,178,19
30000000,100000,3000,"zipf3000",15,8,191,22
30000000,100000,3000,"zipf3000",15,8,204,41
30000000,100000,3000,"zipf3000",15,8,207,19
30000000,100000,3000,"zipf3000",15,8,211,18
30000000,100000,3000,"zipf3000",15,8,225,20
30000000,100000,3000,"zipf3000",15,8,230,20
30000000,100000,3000,"zipf3000",15,8,243,43
30000000,100000,3000,"zipf3000",15,8,272,14
30000000,100000,3000,"zipf3000",15,8,315,47
30000000,100000,3000,"zipf3000",15,8,327,22
30000000,100000,3000,"zipf3000",15,8,339,21
30000000,100000,3000,"zipf3000",15,8,346,16
30000000,100000,3000,"zipf3000",15,8,352,14
30000000,100000,3000,"zipf3000",15,8,367,22
30000000,100000,3000,"zipf3000",15,8,399,17
30000000,100000,3000,"zipf3000",15,8,409,17
30000000,100000,3000,"zipf3000",15,8,486,36
30000000,100000,3000,"zipf3000",15,8,579,23
30000000,100000,3000,"zipf3000",15,8,780,19
30000000,100000,3000,"zipf3000",15,8,1377,19
30000000,100000,3000,"zipf3000",15,16,0,29999954
30000000,100000,3000,"zipf3000",15,16,7,13
30000000,100000,3000,"zipf3000",15,16,9,13
30000000,100000,3000,"zipf3000",15,16,17,10
30000000,100000,3000,"zipf3000",15,16,56,10
30000000,100000,3000,"zipf3000",16,2,0,29658647
30000000,100000,3000,"zipf3000",16,2,5,7188
30000000,100000,3000,"zipf3000",16,2,6,41027
30000000,100000,3000,"zipf3000",16,2,7,38671
30000000,100000,3000,"zipf3000",16,2,8,25244
30000000,100000,3000,"zipf3000",16,2,9,24158
30000000,100000,3000,"zipf3000",16,2,10,17649
30000000,100000,3000,"zipf3000",16,2,11,16839
30000000,100000,3000,"zipf3000",16,2,12,13671
30000000,100000,3000,"zipf3000",16,2,13,10059
30000000,100000,3000,"zipf3000",16,2,14,9836
30000000,100000,3000,"zipf3000",16,2,15,8133
30000000,100000,3000,"zipf3000",16,2,16,8277
30000000,100000,3000,"zipf3000",16,2,17,6273
30000000,100000,3000,"zipf3000",16,2,18,6055
30000000,100000,3000,"zipf3000",16,2,19,4864
30000000,100000,3000,"zipf3000",16,2,20,5728
30000000,100000,3000,"zipf3000",16,2,21,3784
30000000,100000,3000,"zipf3000",16,2,22,4201
30000000,100000,3000,"zipf3000",16,2,23,4545
30000000,100000,3000,"zipf3000",16,2,24,3194
30000000,100000,3000,"zipf3000",16,2,25,3845
30000000,100000,3000,"zipf3000",16,2,26,2401
30000000,100000,3000,"zipf3000",16,2,27,2941
30000000,100000,3000,"zipf3000",16,2,28,1824
30000000,100000,3000,"zipf3000",16,2,29,2405
30000000,100000,3000,"zipf3000",16,2,30,1976
30000000,100000,3000,"zipf3000",16,2,31,2352
30000000,100000,3000,"zipf3000",16,2,32,1832
30000000,100000,3000,"zipf3000",16,2,33,1830
30000000,100000,3000,"zipf3000",16,2,34,2230
30000000,100000,3000,"zipf3000",16,2,35,1513
30000000,100000,3000,"zipf3000",16,2,36,1761
30000000,100000,3000,"zipf3000",16,2,37,1487
30000000,100000,3000,"zipf3000",16,2,38,1453
30000000,100000,3000,"zipf3000",16,2,39,1220
30000000,100000,3000,"zipf3000",16,2,40,1674
30000000,100000,3000,"zipf3000",16,2,41,799
30000000,100000,3000,"zipf3000",16,2,42,1605
30000000,100000,3000,"zipf3000",16,2,43,1027
30000000,100000,3000,"zipf3000",16,2,44,1317
30000000,100000,3000,"zipf3000",16,2,45,860
30000000,100000,3000,"zipf3000",16,2,46,796
30000000,100000,3000,"zipf3000",16,2,47,1023
30000000,100000,3000,"zipf3000",16,2,48,658
30000000,100000,3000,"zipf3000",16,2,49,785
30000000,100000,3000,"zipf3000",16,2,50,770
30000000,100000,3000,"zipf3000",16,2,51,1340
30000000,100000,3000,"zipf3000",16,2,52,488
30000000,100000,3000,"zipf3000",16,2,53,600
30000000,100000,3000,"zipf3000",16,2,54,649
30000000,100000,3000,"zipf3000",16,2,55,593
30000000,100000,3000,"zipf3000",16,2,56,671
30000000,100000,3000,"zipf3000",16,2,57,456
30000000,100000,3000,"zipf3000",16,2,58,604
30000000,100000,3000,"zipf3000",16,2,59,547
30000000,100000,3000,"zipf3000",16,2,60,762
30000000,100000,3000,"zipf3000",16,2,61,568
30000000,100000,3000,"zipf3000",16,2,62,552
30000000,100000,3000,"zipf3000",16,2,63,383
30000000,100000,3000,"zipf3000",16,2,64,653
30000000,100000,3000,"zipf3000",16,2,65,323
30000000,100000,3000,"zipf3000",16,2,66,874
30000000,100000,3000,"zipf3000",16,2,67,525
30000000,100000,3000,"zipf3000",16,2,68,326
30000000,100000,3000,"zipf3000",16,2,69,541
30000000,100000,3000,"zipf3000",16,2,70,374
30000000,100000,3000,"zipf3000",16,2,71,450
30000000,100000,3000,"zipf3000",16,2,72,403
30000000,100000,3000,"zipf3000",16,2,73,323
30000000,100000,3000,"zipf3000",16,2,74,338
30000000,100000,3000,"zipf3000",16,2,75,680
30000000,100000,3000,"zipf3000",16,2,76,248
30000000,100000,3000,"zipf3000",16,2,77,498
30000000,100000,3000,"zipf3000",16,2,78,234
30000000,100000,3000,"zipf3000",16,2,79,279
30000000,100000,3000,"zipf3000",16,2,80,170
30000000,100000,3000,"zipf3000",16,2,81,178
30000000,100000,3000,"zipf3000",16,2,82,539
30000000,100000,3000,"zipf3000",16,2,83,238
30000000,100000,3000,"zipf3000",16,2,84,390
30000000,100000,3000,"zipf3000",16,2,85,203
30000000,100000,3000,"zipf3000",16,2,86,306
30000000,100000,3000,"zipf3000",16,2,87,261
30000000,100000,3000,"zipf3000",16,2,88,215
30000000,100000,3000,"zipf3000",16,2,89,509
30000000,100000,3000,"zipf3000",16,2,90,87
30000000,100000,3000,"zipf3000",16,2,91,243
30000000,100000,3000,"zipf3000",16,2,92,205
30000000,100000,3000,"zipf3000",16,2,93,343
30000000,100000,3000,"zipf3000",16,2,94,236
30000000,100000,3000,"zipf3000",16,2,95,163
30000000,100000,3000,"zipf3000",16,2,96,267
30000000,100000,3000,"zipf3000",16,2,97,279
30000000,100000,3000,"zipf3000",16,2,98,99
30000000,100000,3000,"zipf3000",16,2,99,163
30000000,100000,3000,"zipf3000",16,2,100,157
30000000,100000,3000,"zipf3000",16,2,101,230
30000000,100000,3000,"zipf3000",16,2,102,151
30000000,100000,3000,"zipf3000",16,2,103,69
30000000,100000,3000,"zipf3000",16,2,104,263
30000000,100000,3000,"zipf3000",16,2,105,274
30000000,100000,3000,"zipf3000",16,2,106,191
30000000,100000,3000,"zipf3000",16,2,107,206
30000000,100000,3000,"zipf3000",16,2,108,30
30000000,100000,3000,"zipf3000",16,2,109,267
30000000,100000,3000,"zipf3000",16,2,110,83
30000000,100000,3000,"zipf3000",16,2,111,234
30000000,100000,3000,"zipf3000",16,2,112,166
30000000,100000,3000,"zipf3000",16,2,113,321
30000000,100000,3000,"zipf3000",16,2,114,181
30000000,100000,3000,"zipf3000",16,2,115,79
30000000,100000,3000,"zipf3000",16,2,116,242
30000000,100000,3000,"zipf3000",16,2,117,115
30000000,100000,3000,"zipf3000",16,2,118,129
30000000,100000,3000,"zipf3000",16,2,119,125
30000000,100000,3000,"zipf3000",16,2,120,435
30000000,100000,3000,"zipf3000",16,2,121,60
30000000,100000,3000,"zipf3000",16,2,122,74
30000000,100000,3000,"zipf3000",16,2,123,140
30000000,100000,3000,"zipf3000",16,2,124,40
30000000,100000,3000,"zipf3000",16,2,125,156
30000000,100000,3000,"zipf3000",16,2,126,194
30000000,100000,3000,"zipf3000",16,2,127,70
30000000,100000,3000,"zipf3000",16,2,128,58
30000000,100000,3000,"zipf3000",16,2,129,156
30000000,100000,3000,"zipf3000",16,2,130,96
30000000,100000,3000,"zipf3000",16,2,131,40
30000000,100000,3000,"zipf3000",16,2,132,93
30000000,100000,3000,"zipf3000",16,2,134,115
30000000,100000,3000,"zipf3000",16,2,135,155
30000000,100000,3000,"zipf3000",16,2,136,146
30000000,100000,3000,"zipf3000",16,2,137,142
30000000,100000,3000,"zipf3000",16,2,138,161
30000000,100000,3000,"zipf3000",16,2,139,116
30000000,100000,3000,"zipf3000",16,2,140,143
30000000,100000,3000,"zipf3000",16,2,141,126
30000000,100000,3000,"zipf3000",16,2,143,92
30000000,100000,3000,"zipf3000",16,2,144,102
30000000,100000,3000,"zipf3000",16,2,145,139
30000000,100000,3000,"zipf3000",16,2,146,53
30000000,100000,3000,"zipf3000",16,2,147,58
30000000,100000,3000,"zipf3000",16,2,148,115
30000000,100000,3000,"zipf3000",16,2,150,99
30000000,100000,3000,"zipf3000",16,2,151,135
30000000,100000,3000,"zipf3000",16,2,152,80
30000000,100000,3000,"zipf3000",16,2,154,153
30000000,100000,3000,"zipf3000",16,2,155,75
30000000,100000,3000,"zipf3000",16,2,156,94
30000000,100000,3000,"zipf3000",16,2,157,110
30000000,100000,3000,"zipf3000",16,2,159,71
30000000,100000,3000,"zipf3000",16,2,160,100
30000000,100000,3000,"zipf3000",16,2,162,160
30000000,100000,3000,"zipf3000",16,2,163,194
30000000,100000,3000,"zipf3000",16,2,165,104
30000000,100000,3000,"zipf3000",16,2,166,71
30000000,100000,3000,"zipf3000",16,2,168,34
30000000,100000,3000,"zipf3000",16,2,169,116
30000000,100000,3000,"zipf3000",16,2,171,122
30000000,100000,3000,"zipf3000",16,2,173,63
30000000,100000,3000,"zipf3000",16,2,174,130
30000000,100000,3000,"zipf3000",16,2,176,147
30000000,100000,3000,"zipf3000",16,2,178,81
30000000,100000,3000,"zipf3000",16,2,180,65
30000000,100000,3000,"zipf3000",16,2,181,78
30000000,100000,3000,"zipf3000",16,2,183,208
30000000,100000,3000,"zipf3000",16,2,185,59
30000000,100000,3000,"zipf3000",16,2,187,56
30000000,100000,3000,"zipf3000",16,2,189,90
30000000,100000,3000,"zipf3000",16,2,191,150
30000000,100000,3000,"zipf3000",16,2,193,85
30000000,100000,3000,"zipf3000",16,2,195,60
30000000,100000,3000,"zipf3000",16,2,197,180
30000000,100000,3000,"zipf3000",16,2,200,41
30000000,100000,3000,"zipf3000",16,2,202,98
30000000,100000,3000,"zipf3000",16,2,204,118
30000000,100000,3000,"zipf3000",16,2,207,196
30000000,100000,3000,"zipf3000",16,2,209,182
30000000,100000,3000,"zipf3000",16,2,211,143
30000000,100000,3000,"zipf3000",16,2,214,82
30000000,100000,3000,"zipf3000",16,2,216,168
30000000,100000,3000,"zipf3000",16,2,219,114
30000000,100000,3000,"zipf3000",16,2,222,66
30000000,100000,3000,"zipf3000",16,2,225,80
30000000,100000,3000,"zipf3000",16,2,227,59
30000000,100000,3000,"zipf3000",16,2,230,63
30000000,100000,3000,"zipf3000",16,2,233,159
30000000,100000,3000,"zipf3000",16,2,236,161
30000000,100000,3000,"zipf3000",16,2,240,86
30000000,100000,3000,"zipf3000",16,2,243,129
30000000,100000,3000,"zipf3000",16,2,246,134
30000000,100000,3000,"zipf3000",16,2,250,163
30000000,100000,3000,"zipf3000",16,2,253,127
30000000,100000,3000,"zipf3000",16,2,257,69
30000000,100000,3000,"zipf3000",16,2,260,162
30000000,100000,3000,"zipf3000",16,2,264,125
30000000,100000,3000,"zipf3000",16,2,268,301
30000000,100000,3000,"zipf3000",16,2,272,133
30000000,100000,3000,"zipf3000",16,2,277,88
30000000,100000,3000,"zipf3000",16,2,281,72
30000000,100000,3000,"zipf3000",16,2,285,150
30000000,100000,3000,"zipf3000",16,2,290,91
30000000,100000,3000,"zipf3000",16,2,295,50
30000000,100000,3000,"zipf3000",16,2,300,143
30000000,100000,3000,"zipf3000",16,2,305,87
30000000,100000,3000,"zipf3000",16,2,310,61
30000000,100000,3000,"zipf3000",16,2,315,57
30000000,100000,3000,"zipf3000",16,2,321,104
30000000,100000,3000,"zipf3000",16,2,323,17
30000000,100000,3000,"zipf3000",16,2,327,99
30000000,100000,3000,"zipf3000",16,2,330,19
30000000,100000,3000,"zipf3000",16,2,333,170
30000000,100000,3000,"zipf3000",16,2,337,17
30000000,100000,3000,"zipf3000",16,2,339,142
30000000,100000,3000,"zipf3000",16,2,346,106
30000000,100000,3000,"zipf3000",16,2,352,105
30000000,100000,3000,"zipf3000",16,2,359,153
30000000,100000,3000,"zipf3000",16,2,367,124
30000000,100000,3000,"zipf3000",16,2,374,53
30000000,100000,3000,"zipf3000",16,2,382,162
30000000,100000,3000,"zipf3000",16,2,391,54
30000000,100000,3000,"zipf3000",16,2,399,81
30000000,100000,3000,"zipf3000",16,2,409,126
30000000,100000,3000,"zipf3000",16,2,418,138
30000000,100000,3000,"zipf3000",16,2,428,124
30000000,100000,3000,"zipf3000",16,2,438,105
30000000,100000,3000,"zipf3000",16,2,449,78
30000000,100000,3000,"zipf3000",16,2,461,104
30000000,100000,3000,"zipf3000",16,2,473,134
30000000,100000,3000,"zipf3000",16,2,486,225
30000000,100000,3000,"zipf3000",16,2,499,155
30000000,100000,3000,"zipf3000",16,2,513,111
30000000,100000,3000,"zipf3000",16,2,528,115
30000000,100000,3000,"zipf3000",16,2,545,148
30000000,100000,3000,"zipf3000",16,2,561,110
30000000,100000,3000,"zipf3000",16,2,579,162
30000000,100000,3000,"zipf3000",16,2,599,143
30000000,100000,3000,"zipf3000",16,2,610,26
30000000,100000,3000,"zipf3000",16,2,615,26
30000000,100000,3000,"zipf3000",16,2,619,80
30000000,100000,3000,"zipf3000",16,2,642,102
30000000,100000,3000,"zipf3000",16,2,665,78
30000000,100000,3000,"zipf3000",16,2,691,83
30000000,100000,3000,"zipf3000",16,2,718,84
30000000,100000,3000,"zipf3000",16,2,748,100
30000000,100000,3000,"zipf3000",16,2,780,136
30000000,100000,3000,"zipf3000",16,2,816,94
30000000,100000,3000,"zipf3000",16,2,855,138
30000000,100000,3000,"zipf3000",16,2,897,150
30000000,100000,3000,"zipf3000",16,2,944,46
30000000,100000,3000,"zipf3000",16,2,996,145
30000000,100000,3000,"zipf3000",16,2,1055,108
30000000,100000,3000,"zipf3000",16,2,1120,106
30000000,100000,3000,"zipf3000",16,2,1195,100
30000000,100000,3000,"zipf3000",16,2,1279,118
30000000,100000,3000,"zipf3000",16,2,1377,120
30000000,100000,3000,"zipf3000",16,2,1491,57
30000000,100000,3000,"zipf3000",16,4,0,29913226
30000000,100000,3000,"zipf3000",16,4,5,1942
30000000,100000,3000,"zipf3000",16,4,6,10259
30000000,100000,3000,"zipf3000",16,4,7,10496
30000000,100000,3000,"zipf3000",16,4,8,6099
30000000,100000,3000,"zipf3000",16,4,9,6509
30000000,100000,3000,"zipf3000",16,4,10,4575
30000000,100000,3000,"zipf3000",16,4,11,4256
30000000,100000,3000,"zipf3000",16,4,12,3362
30000000,100000,3000,"zipf3000",16,4,13,2872
30000000,100000,3000,"zipf3000",16,4,14,2202
30000000,100000,3000,"zipf3000",16,4,15,1965
30000000,100000,3000,"zipf3000",16,4,16,2109
30000000,100000,3000,"zipf3000",16,4,17,1492
30000000,100000,3000,"zipf3000",16,4,18,1628
30000000,100000,3000,"zipf3000",16,4,19,1491
30000000,100000,3000,"zipf3000",16,4,20,1216
30000000,100000,3000,"zipf3000",16,4,21,678
30000000,100000,3000,"zipf3000",16,4,22,976
30000000,100000,3000,"zipf3000",16,4,23,1012
30000000,100000,3000,"zipf3000",16,4,24,922
30000000,100000,3000,"zipf3000",16,4,25,722
30000000,100000,3000,"zipf3000",16,4,26,702
30000000,100000,3000,"zipf3000",16,4,27,780
30000000,100000,3000,"zipf3000",16,4,28,458
30000000,100000,3000,"zipf3000",16,4,29,595
30000000,100000,3000,"zipf3000",16,4,30,470
30000000,100000,3000,"zipf3000",16,4,31,692
30000000,100000,3000,"zipf3000",16,4,32,537
30000000,100000,3000,"zipf3000",16,4,33,311
30000000,100000,3000,"zipf3000",16,4,34,469
30000000,100000,3000,"zipf3000",16,4,35,380
30000000,100000,3000,"zipf3000",16,4,36,491
30000000,100000,3000,"zipf3000",16,4,37,327
30000000,100000,3000,"zipf3000",16,4,38,338
30000000,100000,3000,"zipf3000",16,4,39,321
30000000,100000,3000,"zipf3000",16,4,40,380
30000000,100000,3000,"zipf3000",16,4,41,243
30000000,100000,3000,"zipf3000",16,4,42,221
30000000,100000,3000,"zipf3000",16,4,43,176
30000000,100000,3000,"zipf3000",16,4,44,243
30000000,100000,3000,"zipf3000",16,4,45,180
30000000,100000,3000,"zipf3000",16,4,46,136
30000000,100000,3000,"zipf3000",16,4,47,329
30000000,100000,3000,"zipf3000",16,4,48,60
30000000,100000,3000,"zipf3000",16,4,49,230
30000000,100000,3000,"zipf3000",16,4,50,292
30000000,100000,3000,"zipf3000",16,4,51,192
30000000,100000,3000,"zipf3000",16,4,52,172
30000000,100000,3000,"zipf3000",16,4,53,176
30000000,100000,3000,"zipf3000",16,4,54,264
30000000,100000,3000,"zipf3000",16,4,55,105
30000000,100000,3000,"zipf3000",16,4,56,175
30000000,100000,3000,"zipf3000",16,4,57,162
30000000,100000,3000,"zipf3000",16,4,58,183
30000000,100000,3000,"zipf3000",16,4,59,112
30000000,100000,3000,"zipf3000",16,4,60,198
30000000,100000,3000,"zipf3000",16,4,61,233
30000000,100000,3000,"zipf3000",16,4,62,133
30000000,100000,3000,"zipf3000",16,4,63,139
30000000,100000,3000,"zipf3000",16,4,64,229
30000000,100000,3000,"zipf3000",16,4,65,94
30000000,100000,3000,"zipf3000",16,4,66,199
30000000,100000,3000,"zipf3000",16,4,67,190
30000000,100000,3000,"zipf3000",16,4,68,181
30000000,100000,3000,"zipf3000",16,4,69,178
30000000,100000,3000,"zipf3000",16,4,70,133
30000000,100000,3000,"zipf3000",16,4,71,134
30000000,100000,3000,"zipf3000",16,4,72,173
30000000,100000,3000,"zipf3000",16,4,73,79
30000000,100000,3000,"zipf3000",16,4,74,78
30000000,100000,3000,"zipf3000",16,4,75,166
30000000,100000,3000,"zipf3000",16,4,76,73
30000000,100000,3000,"zipf3000",16,4,77,56
30000000,100000,3000,"zipf3000",16,4,78,75
30000000,100000,3000,"zipf3000",16,4,79,50
30000000,100000,3000,"zipf3000",16,4,80,43
30000000,100000,3000,"zipf3000",16,4,81,43
30000000,100000,3000,"zipf3000",16,4,82,111
30000000,100000,3000,"zipf3000",16,4,83,132
30000000,100000,3000,"zipf3000",16,4,84,62
30000000,100000,3000,"zipf3000",16,4,86,32
30000000,100000,3000,"zipf3000",16,4,87,193
30000000,100000,3000,"zipf3000",16,4,88,92
30000000,100000,3000,"zipf3000",16,4,89,81
30000000,100000,3000,"zipf3000",16,4,90,26
30000000,100000,3000,"zipf3000",16,4,91,91
30000000,100000,3000,"zipf3000",16,4,92,68
30000000,100000,3000,"zipf3000",16,4,93,118
30000000,100000,3000,"zipf3000",16,4,94,60
30000000,100000,3000,"zipf3000",16,4,95,108
30000000,100000,3000,"zipf3000",16,4,96,137
30000000,100000,3000,"zipf3000",16,4,97,55
30000000,100000,3000,"zipf3000",16,4,99,15
30000000,100000,3000,"zipf3000",16,4,100,23
30000000,100000,3000,"zipf3000",16,4,102,57
30000000,100000,3000,"zipf3000",16,4,104,64
30000000,100000,3000,"zipf3000",16,4,105,46
30000000,100000,3000,"zipf3000",16,4,106,85
30000000,100000,3000,"zipf3000",16,4,107,46
30000000,100000,3000,"zipf3000",16,4,109,77
30000000,100000,3000,"zipf3000",16,4,110,25
30000000,100000,3000,"zipf3000",16,4,111,36
30000000,100000,3000,"zipf3000",16,4,113,95
30000000,100000,3000,"zipf3000",16,4,114,102
30000000,100000,3000,"zipf3000",16,4,116,43
30000000,100000,3000,"zipf3000",16,4,117,19
30000000,100000,3000,"zipf3000",16,4,118,10
30000000,100000,3000,"zipf3000",16,4,119,60
30000000,100000,3000,"zipf3000",16,4,120,66
30000000,100000,3000,"zipf3000",16,4,122,44
30000000,100000,3000,"zipf3000",16,4,123,43
30000000,100000,3000,"zipf3000",16,4,124,16
30000000,100000,3000,"zipf3000",16,4,125,58
30000000,100000,3000,"zipf3000",16,4,126,23
30000000,100000,3000,"zipf3000",16,4,127,37
30000000,100000,3000,"zipf3000",16,4,128,19
30000000,100000,3000,"zipf3000",16,4,129,45
30000000,100000,3000,"zipf3000",16,4,130,48
30000000,100000,3000,"zipf3000",16,4,132,39
30000000,100000,3000,"zipf3000",16,4,137,43
30000000,100000,3000,"zipf3000",16,4,138,56
30000000,100000,3000,"zipf3000",16,4,140,42
30000000,100000,3000,"zipf3000",16,4,141,86
30000000,100000,3000,"zipf3000",16,4,143,43
30000000,100000,3000,"zipf3000",16,4,144,41
30000000,100000,3000,"zipf3000",16,4,145,17
30000000,100000,3000,"zipf3000",16,4,147,45
30000000,100000,3000,"zipf3000",16,4,148,33
30000000,100000,3000,"zipf3000",16,4,150,35
30000000,100000,3000,"zipf3000",16,4,151,36
30000000,100000,3000,"zipf3000",16,4,152,21
30000000,100000,3000,"zipf3000",16,4,154,41
30000000,100000,3000,"zipf3000",16,4,155,17
30000000,100000,3000,"zipf3000",16,4,156,42
30000000,100000,3000,"zipf3000",16,4,157,39
30000000,100000,3000,"zipf3000",16,4,160,42
30000000,100000,3000,"zipf3000",16,4,162,34
30000000,100000,3000,"zipf3000",16,4,163,27
30000000,100000,3000,"zipf3000",16,4,165,18
30000000,100000,3000,"zipf3000",16,4,166,47
30000000,100000,3000,"zipf3000",16,4,169,26
30000000,100000,3000,"zipf3000",16,4,174,44
30000000,100000,3000,"zipf3000",16,4,176,38
30000000,100000,3000,"zipf3000",16,4,178,41
30000000,100000,3000,"zipf3000",16,4,183,16
30000000,100000,3000,"zipf3000",16,4,185,16
30000000,100000,3000,"zipf3000",16,4,187,15
30000000,100000,3000,"zipf3000",16,4,191,103
30000000,100000,3000,"zipf3000",16,4,202,38
30000000,100000,3000,"zipf3000",16,4,204,38
30000000,100000,3000,"zipf3000",16,4,207,96
30000000,100000,3000,"zipf3000",16,4,209,15
30000000,100000,3000,"zipf3000",16,4,211,25
30000000,100000,3000,"zipf3000",16,4,216,38
30000000,100000,3000,"zipf3000",16,4,222,18
30000000,100000,3000,"zipf3000",16,4,225,50
30000000,100000,3000,"zipf3000",16,4,227,15
30000000,100000,3000,"zipf3000",16,4,230,41
30000000,100000,3000,"zipf3000",16,4,236,22
30000000,100000,3000,"zipf3000",16,4,240,48
30000000,100000,3000,"zipf3000",16,4,243,33
30000000,100000,3000,"zipf3000",16,4,250,36
30000000,100000,3000,"zipf3000",16,4,253,42
30000000,100000,3000,"zipf3000",16,4,257,24
30000000,100000,3000,"zipf3000",16,4,260,15
30000000,100000,3000,"zipf3000",16,4,264,82
30000000,100000,3000,"zipf3000",16,4,268,62
30000000,100000,3000,"zipf3000",16,4,272,39
30000000,100000,3000,"zipf3000",16,4,277,19
30000000,100000,3000,"zipf3000",16,4,281,18
30000000,100000,3000,"zipf3000",16,4,285,26
30000000,100000,3000,"zipf3000",16,4,290,20
30000000,100000,3000,"zipf3000",16,4,300,56
30000000,100000,3000,"zipf3000",16,4,305,18
30000000,100000,3000,"zipf3000",16,4,310,20
30000000,100000,3000,"zipf3000",16,4,315,45
30000000,100000,3000,"zipf3000",16,4,321,39
30000000,100000,3000,"zipf3000",16,4,327,52
30000000,100000,3000,"zipf3000",16,4,330,26
30000000,100000,3000,"zipf3000",16,4,333,51
30000000,100000,3000,"zipf3000",16,4,339,55
30000000,100000,3000,"zipf3000",16,4,346,17
30000000,100000,3000,"zipf3000",16,4,352,73
30000000,100000,3000,"zipf3000",16,4,367,50
30000000,100000,3000,"zipf3000",16,4,374,21
30000000,100000,3000,"zipf3000",16,4,382,86
30000000,100000,3000,"zipf3000",16,4,391,23
30000000,100000,3000,"zipf3000",16,4,399,23
30000000,100000,3000,"zipf3000",16,4,409,65
30000000,100000,3000,"zipf3000",16,4,418,37
30000000,100000,3000,"zipf3000",16,4,428,47
30000000,100000,3000,"zipf3000",16,4,438,25
30000000,100000,3000,"zipf3000",16,4,461,18
30000000,100000,3000,"zipf3000",16,4,473,22
30000000,100000,3000,"zipf3000",16,4,486,84
30000000,100000,3000,"zipf3000",16,4,499,30
30000000,100000,3000,"zipf3000",16,4,513,59
30000000,100000,3000,"zipf3000",16,4,545,25
30000000,100000,3000,"zipf3000",16,4,561,30
30000000,100000,3000,"zipf3000",16,4,579,36
30000000,100000,3000,"zipf3000",16,4,599,43
30000000,100000,3000,"zipf3000",16,4,642,60
30000000,100000,3000,"zipf3000",16,4,665,8
30000000,100000,3000,"zipf3000",16,4,718,40
30000000,100000,3000,"zipf3000",16,4,748,19
30000000,100000,3000,"zipf3000",16,4,780,36
30000000,100000,3000,"zipf3000",16,4,816,42
30000000,100000,3000,"zipf3000",16,4,897,52
30000000,100000,3000,"zipf3000",16,4,944,15
30000000,100000,3000,"zipf3000",16,4,996,35
30000000,100000,3000,"zipf3000",16,4,1055,23
30000000,100000,3000,"zipf3000",16,4,1195,37
30000000,100000,3000,"zipf3000",16,4,1279,41
30000000,100000,3000,"zipf3000",16,4,1377,57
30000000,100000,3000,"zipf3000",16,8,0,29994708
30000000,100000,3000,"zipf3000",16,8,5,121
30000000,100000,3000,"zipf3000",16,8,6,462
30000000,100000,3000,"zipf3000",16,8,7,476
30000000,100000,3000,"zipf3000",16,8,8,518
30000000,100000,3000,"zipf3000",16,8,9,508
30000000,100000,3000,"zipf3000",16,8,10,269
30000000,100000,3000,"zipf3000",16,8,11,311
30000000,100000,3000,"zipf3000",16,8,12,141
30000000,100000,3000,"zipf3000",16,8,13,232
30000000,100000,3000,"zipf3000",16,8,14,56
30000000,100000,3000,"zipf3000",16,8,15,69
30000000,100000,3000,"zipf3000",16,8,16,95
30000000,100000,3000,"zipf3000",16,8,17,235
30000000,100000,3000,"zipf3000",16,8,18,31
30000000,100000,3000,"zipf3000",16,8,19,106
30000000,100000,3000,"zipf3000",16,8,20,114
30000000,100000,3000,"zipf3000",16,8,22,73
30000000,100000,3000,"zipf3000",16,8,23,45
30000000,100000,3000,"zipf3000",16,8,24,60
30000000,100000,3000,"zipf3000",16,8,25,81
30000000,100000,3000,"zipf3000",16,8,26,48
30000000,100000,3000,"zipf3000",16,8,27,26
30000000,100000,3000,"zipf3000",16,8,30,42
30000000,100000,3000,"zipf3000",16,8,31,53
30000000,100000,3000,"zipf3000",16,8,32,87
30000000,100000,3000,"zipf3000",16,8,33,50
30000000,100000,3000,"zipf3000",16,8,35,25
30000000,100000,3000,"zipf3000",16,8,36,72
30000000,100000,3000,"zipf3000",16,8,37,22
30000000,100000,3000,"zipf3000",16,8,38,17
30000000,100000,3000,"zipf3000",16,8,39,19
30000000,100000,3000,"zipf3000",16,8,40,23
30000000,100000,3000,"zipf3000",16,8,41,36
30000000,100000,3000,"zipf3000",16,8,42,41
30000000,100000,3000,"zipf3000",16,8,46,18
30000000,100000,3000,"zipf3000",16,8,50,39
30000000,100000,3000,"zipf3000",16,8,51,21
30000000,100000,3000,"zipf3000",16,8,54,13
30000000,100000,3000,"zipf3000",16,8,56,19
30000000,100000,3000,"zipf3000",16,8,61,18
30000000,100000,3000,"zipf3000",16,8,62,22
30000000,100000,3000,"zipf3000",16,8,63,10
30000000,100000,3000,"zipf3000",16,8,66,18
30000000,100000,3000,"zipf3000",16,8,67,21
30000000,100000,3000,"zipf3000",16,8,72,26
30000000,100000,3000,"zipf3000",16,8,73,15
30000000,100000,3000,"zipf3000",16,8,83,21
30000000,100000,3000,"zipf3000",16,8,87,17
30000000,100000,3000,"zipf3000",16,8,88,14
30000000,100000,3000,"zipf3000",16,8,94,26
30000000,100000,3000,"zipf3000",16,8,97,17
30000000,100000,3000,"zipf3000",16,8,102,17
30000000,100000,3000,"zipf3000",16,8,113,39
30000000,100000,3000,"zipf3000",16,8,116,21
30000000,100000,3000,"zipf3000",16,8,151,22
30000000,100000,3000,"zipf3000",16,8,178,17
30000000,100000,3000,"zipf3000",16,8,191,15
30000000,100000,3000,"zipf3000",16,8,204,27
30000000,100000,3000,"zipf3000",16,8,207,23
30000000,100000,3000,"zipf3000",16,8,243,23
30000000,100000,3000,"zipf3000",16,8,272,20
30000000,100000,3000,"zipf3000",16,8,315,30
30000000,100000,3000,"zipf3000",16,8,339,17
30000000,100000,3000,"zipf3000",16,8,346,20
30000000,100000,3000,"zipf3000",16,8,409,25
30000000,100000,3000,"zipf3000",16,8,486,24
30000000,100000,3000,"zipf3000",16,8,579,20
30000000,100000,3000,"zipf3000",16,8,780,14
30000000,100000,3000,"zipf3000",16,8,1377,19
30000000,100000,3000,"zipf3000",16,16,0,29999926
30000000,100000,3000,"zipf3000",16,16,7,18
30000000,100000,3000,"zipf3000",16,16,9,18
30000000,100000,3000,"zipf3000",16,16,17,19
30000000,100000,3000,"zipf3000",16,16,56,19
30000000,100000,3000,"zipf3000",17,2,0,29829622
30000000,100000,3000,"zipf3000",17,2,5,3596
30000000,100000,3000,"zipf3000",17,2,6,20239
30000000,100000,3000,"zipf3000",17,2,7,20178
30000000,100000,3000,"zipf3000",17,2,8,11768
30000000,100000,3000,"zipf3000",17,2,9,12253
30000000,100000,3000,"zipf3000",17,2,10,9067
30000000,100000,3000,"zipf3000",17,2,11,8473
30000000,100000,3000,"zipf3000",17,2,12,6460
30000000,100000,3000,"zipf3000",17,2,13,5510
30000000,100000,3000,"zipf3000",17,2,14,4784
30000000,100000,3000,"zipf3000",17,2,15,4026
30000000,100000,3000,"zipf3000",17,2,16,4034
30000000,100000,3000,"zipf3000",17,2,17,3006
30000000,100000,3000,"zipf3000",17,2,18,3081
30000000,100000,3000,"zipf3000",17,2,19,2386
30000000,100000,3000,"zipf3000",17,2,20,2616
30000000,100000,3000,"zipf3000",17,2,21,1571
30000000,100000,3000,"zipf3000",17,2,22,2117
30000000,100000,3000,"zipf3000",17,2,23,2229
30000000,100000,3000,"zipf3000",17,2,24,1668
30000000,100000,3000,"zipf3000",17,2,25,1757
30000000,100000,3000,"zipf3000",17,2,26,1048
30000000,100000,3000,"zipf3000",17,2,27,1494
30000000,100000,3000,"zipf3000",17,2,28,1063
30000000,100000,3000,"zipf3000",17,2,29,1376
30000000,100000,3000,"zipf3000",17,2,30,1137
30000000,100000,3000,"zipf3000",17,2,31,1118
30000000,100000,3000,"zipf3000",17,2,32,828
30000000,100000,3000,"zipf3000",17,2,33,839
30000000,100000,3000,"zipf3000",17,2,34,1011
30000000,100000,3000,"zipf3000",17,2,35,717
30000000,100000,3000,"zipf3000",17,2,36,995
30000000,100000,3000,"zipf3000",17,2,37,785
30000000,100000,3000,"zipf3000",17,2,38,785
30000000,100000,3000,"zipf3000",17,2,39,587
30000000,100000,3000,"zipf3000",17,2,40,910
30000000,100000,3000,"zipf3000",17,2,41,525
30000000,100000,3000,"zipf3000",17,2,42,735
30000000,100000,3000,"zipf3000",17,2,43,397
30000000,100000,3000,"zipf3000",17,2,44,558
30000000,100000,3000,"zipf3000",17,2,45,407
30000000,100000,3000,"zipf3000",17,2,46,390
30000000,100000,3000,"zipf3000",17,2,47,513
30000000,100000,3000,"zipf3000",17,2,48,225
30000000,100000,3000,"zipf3000",17,2,49,432
30000000,100000,3000,"zipf3000",17,2,50,381
30000000,100000,3000,"zipf3000",17,2,51,549
30000000,100000,3000,"zipf3000",17,2,52,217
30000000,100000,3000,"zipf3000",17,2,53,404
30000000,100000,3000,"zipf3000",17,2,54,357
30000000,100000,3000,"zipf3000",17,2,55,260
30000000,100000,3000,"zipf3000",17,2,56,313
30000000,100000,3000,"zipf3000",17,2,57,266
30000000,100000,3000,"zipf3000",17,2,58,352
30000000,100000,3000,"zipf3000",17,2,59,162
30000000,100000,3000,"zipf3000",17,2,60,349
30000000,100000,3000,"zipf3000",17,2,61,400
30000000,100000,3000,"zipf3000",17,2,62,216
30000000,100000,3000,"zipf3000",17,2,63,197
30000000,100000,3000,"zipf3000",17,2,64,416
30000000,100000,3000,"zipf3000",17,2,65,218
30000000,100000,3000,"zipf3000",17,2,66,424
30000000,100000,3000,"zipf3000",17,2,67,198
30000000,100000,3000,"zipf3000",17,2,68,239
30000000,100000,3000,"zipf3000",17,2,69,391
30000000,100000,3000,"zipf3000",17,2,70,161
30000000,100000,3000,"zipf3000",17,2,71,201
30000000,100000,3000,"zipf3000",17,2,72,199
30000000,100000,3000,"zipf3000",17,2,73,188
30000000,100000,3000,"zipf3000",17,2,74,136
30000000,100000,3000,"zipf3000",17,2,75,439
30000000,100000,3000,"zipf3000",17,2,76,129
30000000,100000,3000,"zipf3000",17,2,77,222
30000000,100000,3000,"zipf3000",17,2,78,119
30000000,100000,3000,"zipf3000",17,2,79,99
30000000,100000,3000,"zipf3000",17,2,80,102
30000000,100000,3000,"zipf3000",17,2,81,90
30000000,100000,3000,"zipf3000",17,2,82,268
30000000,100000,3000,"zipf3000",17,2,83,144
30000000,100000,3000,"zipf3000",17,2,84,129
30000000,100000,3000,"zipf3000",17,2,85,49
30000000,100000,3000,"zipf3000",17,2,86,100
30000000,100000,3000,"zipf3000",17,2,87,216
30000000,100000,3000,"zipf3000",17,2,88,123
30000000,100000,3000,"zipf3000",17,2,89,223
30000000,100000,3000,"zipf3000",17,2,90,37
30000000,100000,3000,"zipf3000",17,2,91,124
30000000,100000,3000,"zipf3000",17,2,92,150
30000000,100000,3000,"zipf3000",17,2,93,192
30000000,100000,3000,"zipf3000",17,2,94,136
30000000,100000,3000,"zipf3000",17,2,95,118
30000000,100000,3000,"zipf3000",17,2,96,201
30000000,100000,3000,"zipf3000",17,2,97,97
30000000,100000,3000,"zipf3000",17,2,98,13
30000000,100000,3000,"zipf3000",17,2,99,36
30000000,100000,3000,"zipf3000",17,2,100,21
30000000,100000,3000,"zipf3000",17,2,101,107
30000000,100000,3000,"zipf3000",17,2,102,103
30000000,100000,3000,"zipf3000",17,2,103,21
30000000,100000,3000,"zipf3000",17,2,104,161
30000000,100000,3000,"zipf3000",17,2,105,156
30000000,100000,3000,"zipf3000",17,2,106,113
30000000,100000,3000,"zipf3000",17,2,107,153
30000000,100000,3000,"zipf3000",17,2,108,18
30000000,100000,3000,"zipf3000",17,2,109,144
30000000,100000,3000,"zipf3000",17,2,110,45
30000000,100000,3000,"zipf3000",17,2,111,111
30000000,100000,3000,"zipf3000",17,2,112,72
30000000,100000,3000,"zipf3000",17,2,113,127
30000000,100000,3000,"zipf3000",17,2,114,85
30000000,100000,3000,"zipf3000",17,2,116,75
30000000,100000,3000,"zipf3000",17,2,117,40
30000000,100000,3000,"zipf3000",17,2,118,36
30000000,100000,3000,"zipf3000",17,2,119,90
30000000,100000,3000,"zipf3000",17,2,120,207
30000000,100000,3000,"zipf3000",17,2,121,30
30000000,100000,3000,"zipf3000",17,2,122,52
30000000,100000,3000,"zipf3000",17,2,123,111
30000000,100000,3000,"zipf3000",17,2,124,43
30000000,100000,3000,"zipf3000",17,2,125,90
30000000,100000,3000,"zipf3000",17,2,126,88
30000000,100000,3000,"zipf3000",17,2,127,62
30000000,100000,3000,"zipf3000",17,2,128,47
30000000,100000,3000,"zipf3000",17,2,129,72
30000000,100000,3000,"zipf3000",17,2,130,88
30000000,100000,3000,"zipf3000",17,2,132,40
30000000,100000,3000,"zipf3000",17,2,134,16
30000000,100000,3000,"zipf3000",17,2,135,71
30000000,100000,3000,"zipf3000",17,2,136,42
30000000,100000,3000,"zipf3000",17,2,137,158
30000000,100000,3000,"zipf3000",17,2,138,89
30000000,100000,3000,"zipf3000",17,2,139,31
30000000,100000,3000,"zipf3000",17,2,140,98
30000000,100000,3000,"zipf3000",17,2,141,104
30000000,100000,3000,"zipf3000",17,2,143,56
30000000,100000,3000,"zipf3000",17,2,144,41
30000000,100000,3000,"zipf3000",17,2,145,134
30000000,100000,3000,"zipf3000",17,2,146,15
30000000,100000,3000,"zipf3000",17,2,147,41
30000000,100000,3000,"zipf3000",17,2,148,37
30000000,100000,3000,"zipf3000",17,2,150,72
30000000,100000,3000,"zipf3000",17,2,151,54
30000000,100000,3000,"zipf3000",17,2,152,26
30000000,100000,3000,"zipf3000",17,2,154,78
30000000,100000,3000,"zipf3000",17,2,155,14
30000000,100000,3000,"zipf3000",17,2,156,83
30000000,100000,3000,"zipf3000",17,2,157,30
30000000,100000,3000,"zipf3000",17,2,159,24
30000000,100000,3000,"zipf3000",17,2,160,52
30000000,100000,3000,"zipf3000",17,2,162,122
30000000,100000,3000,"zipf3000",17,2,163,91
30000000,100000,3000,"zipf3000",17,2,165,41
30000000,100000,3000,"zipf3000",17,2,166,43
30000000,100000,3000,"zipf3000",17,2,169,58
30000000,100000,3000,"zipf3000",17,2,171,49
30000000,100000,3000,"zipf3000",17,2,174,122
30000000,100000,3000,"zipf3000",17,2,176,39
30000000,100000,3000,"zipf3000",17,2,178,62
30000000,100000,3000,"zipf3000",17,2,180,20
30000000,100000,3000,"zipf3000",17,2,181,100
30000000,100000,3000,"zipf3000",17,2,183,69
30000000,100000,3000,"zipf3000",17,2,185,39
30000000,100000,3000,"zipf3000",17,2,187,12
30000000,100000,3000,"zipf3000",17,2,191,135
30000000,100000,3000,"zipf3000",17,2,193,19
30000000,100000,3000,"zipf3000",17,2,195,38
30000000,100000,3000,"zipf3000",17,2,197,80
30000000,100000,3000,"zipf3000",17,2,202,59
30000000,100000,3000,"zipf3000",17,2,204,33
30000000,100000,3000,"zipf3000",17,2,207,163
30000000,100000,3000,"zipf3000",17,2,209,39
30000000,100000,3000,"zipf3000",17,2,211,64
30000000,100000,3000,"zipf3000",17,2,214,81
30000000,100000,3000,"zipf3000",17,2,216,96
30000000,100000,3000,"zipf3000",17,2,219,39
30000000,100000,3000,"zipf3000",17,2,222,28
30000000,100000,3000,"zipf3000",17,2,225,66
30000000,100000,3000,"zipf3000",17,2,227,21
30000000,100000,3000,"zipf3000",17,2,230,33
30000000,100000,3000,"zipf3000",17,2,233,46
30000000,100000,3000,"zipf3000",17,2,236,45
30000000,100000,3000,"zipf3000",17,2,240,44
30000000,100000,3000,"zipf3000",17,2,243,93
30000000,100000,3000,"zipf3000",17,2,246,16
30000000,100000,3000,"zipf3000",17,2,250,77
30000000,100000,3000,"zipf3000",17,2,253,34
30000000,100000,3000,"zipf3000",17,2,257,33
30000000,100000,3000,"zipf3000",17,2,260,124
30000000,100000,3000,"zipf3000",17,2,264,96
30000000,100000,3000,"zipf3000",17,2,268,160
30000000,100000,3000,"zipf3000",17,2,272,112
30000000,100000,3000,"zipf3000",17,2,277,14
30000000,100000,3000,"zipf3000",17,2,281,37
30000000,100000,3000,"zipf3000",17,2,285,46
30000000,100000,3000,"zipf3000",17,2,290,48
30000000,100000,3000,"zipf3000",17,2,295,31
30000000,100000,3000,"zipf3000",17,2,300,94
30000000,100000,3000,"zipf3000",17,2,305,19
30000000,100000,3000,"zipf3000",17,2,310,35
30000000,100000,3000,"zipf3000",17,2,315,36
30000000,100000,3000,"zipf3000",17,2,321,69
30000000,100000,3000,"zipf3000",17,2,323,23
30000000,100000,3000,"zipf3000",17,2,327,36
30000000,100000,3000,"zipf3000",17,2,330,22
30000000,100000,3000,"zipf3000",17,2,333,51
30000000,100000,3000,"zipf3000",17,2,337,23
30000000,100000,3000,"zipf3000",17,2,339,73
30000000,100000,3000,"zipf3000",17,2,346,25
30000000,100000,3000,"zipf3000",17,2,352,56
30000000,100000,3000,"zipf3000",17,2,359,86
30000000,100000,3000,"zipf3000",17,2,367,75
30000000,100000,3000,"zipf3000",17,2,374,46
30000000,100000,3000,"zipf3000",17,2,382,116
30000000,100000,3000,"zipf3000",17,2,391,19
30000000,100000,3000,"zipf3000",17,2,399,37
30000000,100000,3000,"zipf3000",17,2,409,107
30000000,100000,3000,"zipf3000",17,2,418,75
30000000,100000,3000,"zipf3000",17,2,428,98
30000000,100000,3000,"zipf3000",17,2,438,80
30000000,100000,3000,"zipf3000",17,2,449,22
30000000,100000,3000,"zipf3000",17,2,461,35
30000000,100000,3000,"zipf3000",17,2,473,20
30000000,100000,3000,"zipf3000",17,2,486,130
30000000,100000,3000,"zipf3000",17,2,499,89
30000000,100000,3000,"zipf3000",17,2,513,94
30000000,100000,3000,"zipf3000",17,2,545,56
30000000,100000,3000,"zipf3000",17,2,561,57
30000000,100000,3000,"zipf3000",17,2,579,96
30000000,100000,3000,"zipf3000",17,2,599,79
30000000,100000,3000,"zipf3000",17,2,619,25
30000000,100000,3000,"zipf3000",17,2,642,87
30000000,100000,3000,"zipf3000",17,2,665,83
30000000,100000,3000,"zipf3000",17,2,691,40
30000000,100000,3000,"zipf3000",17,2,718,30
30000000,100000,3000,"zipf3000",17,2,748,70
30000000,100000,3000,"zipf3000",17,2,780,150
30000000,100000,3000,"zipf3000",17,2,816,84
30000000,100000,3000,"zipf3000",17,2,855,41
30000000,100000,3000,"zipf3000",17,2,897,78
30000000,100000,3000,"zipf3000",17,2,944,22
30000000,100000,3000,"zipf3000",17,2,996,86
30000000,100000,3000,"zipf3000",17,2,1055,20
30000000,100000,3000,"zipf3000",17,2,1120,19
30000000,100000,3000,"zipf3000",17,2,1195,66
30000000,100000,3000,"zipf3000",17,2,1279,57
30000000,100000,3000,"zipf3000",17,2,1377,89
30000000,100000,3000,"zipf3000",17,2,1491,17
30000000,100000,3000,"zipf3000",17,4,0,29954253
30000000,100000,3000,"zipf3000",17,4,5,975
30000000,100000,3000,"zipf3000",17,4,6,5146
30000000,100000,3000,"zipf3000",17,4,7,5735
30000000,100000,3000,"zipf3000",17,4,8,3228
30000000,100000,3000,"zipf3000",17,4,9,3691
30000000,100000,3000,"zipf3000",17,4,10,2533
30000000,100000,3000,"zipf3000",17,4,11,2303
30000000,100000,3000,"zipf3000",17,4,12,1972
30000000,100000,3000,"zipf3000",17,4,13,1305
30000000,100000,3000,"zipf3000",17,4,14,1175
30000000,100000,3000,"zipf3000",17,4,15,1197
30000000,100000,3000,"zipf3000",17,4,16,1078
30000000,100000,3000,"zipf3000",17,4,17,849
30000000,100000,3000,"zipf3000",17,4,18,715
30000000,100000,3000,"zipf3000",17,4,19,696
30000000,100000,3000,"zipf3000",17,4,20,499
30000000,100000,3000,"zipf3000",17,4,21,292
30000000,100000,3000,"zipf3000",17,4,22,478
30000000,100000,3000,"zipf3000",17,4,23,567
30000000,100000,3000,"zipf3000",17,4,24,425
30000000,100000,3000,"zipf3000",17,4,25,388
30000000,100000,3000,"zipf3000",17,4,26,409
30000000,100000,3000,"zipf3000",17,4,27,273
30000000,100000,3000,"zipf3000",17,4,28,202
30000000,100000,3000,"zipf3000",17,4,29,312
30000000,100000,3000,"zipf3000",17,4,30,182
30000000,100000,3000,"zipf3000",17,4,31,409
30000000,100000,3000,"zipf3000",17,4,32,259
30000000,100000,3000,"zipf3000",17,4,33,208
30000000,100000,3000,"zipf3000",17,4,34,229
30000000,100000,3000,"zipf3000",17,4,35,229
30000000,100000,3000,"zipf3000",17,4,36,308
30000000,100000,3000,"zipf3000",17,4,37,231
30000000,100000,3000,"zipf3000",17,4,38,188
30000000,100000,3000,"zipf3000",17,4,39,141
30000000,100000,3000,"zipf3000",17,4,40,230
30000000,100000,3000,"zipf3000",17,4,41,112
30000000,100000,3000,"zipf3000",17,4,42,162
30000000,100000,3000,"zipf3000",17,4,43,100
30000000,100000,3000,"zipf3000",17,4,44,91
30000000,100000,3000,"zipf3000",17,4,45,42
30000000,100000,3000,"zipf3000",17,4,46,47
30000000,100000,3000,"zipf3000",17,4,47,148
30000000,100000,3000,"zipf3000",17,4,48,33
30000000,100000,3000,"zipf3000",17,4,49,169
30000000,100000,3000,"zipf3000",17,4,50,91
30000000,100000,3000,"zipf3000",17,4,51,98
30000000,100000,3000,"zipf3000",17,4,52,116
30000000,100000,3000,"zipf3000",17,4,53,135
30000000,100000,3000,"zipf3000",17,4,54,80
30000000,100000,3000,"zipf3000",17,4,55,16
30000000,100000,3000,"zipf3000",17,4,56,66
30000000,100000,3000,"zipf3000",17,4,57,102
30000000,100000,3000,"zipf3000",17,4,58,61
30000000,100000,3000,"zipf3000",17,4,59,30
30000000,100000,3000,"zipf3000",17,4,60,91
30000000,100000,3000,"zipf3000",17,4,61,146
30000000,100000,3000,"zipf3000",17,4,62,64
30000000,100000,3000,"zipf3000",17,4,63,61
30000000,100000,3000,"zipf3000",17,4,64,109
30000000,100000,3000,"zipf3000",17,4,65,98
30000000,100000,3000,"zipf3000",17,4,66,103
30000000,100000,3000,"zipf3000",17,4,67,110
30000000,100000,3000,"zipf3000",17,4,68,114
30000000,100000,3000,"zipf3000",17,4,69,73
30000000,100000,3000,"zipf3000",17,4,70,77
30000000,100000,3000,"zipf3000",17,4,71,74
30000000,100000,3000,"zipf3000",17,4,72,87
30000000,100000,3000,"zipf3000",17,4,73,35
30000000,100000,3000,"zipf3000",17,4,74,41
30000000,100000,3000,"zipf3000",17,4,75,125
30000000,100000,3000,"zipf3000",17,4,76,67
30000000,100000,3000,"zipf3000",17,4,77,21
30000000,100000,3000,"zipf3000",17,4,78,62
30000000,100000,3000,"zipf3000",17,4,80,18
30000000,100000,3000,"zipf3000",17,4,81,16
30000000,100000,3000,"zipf3000",17,4,82,85
30000000,100000,3000,"zipf3000",17,4,83,84
30000000,100000,3000,"zipf3000",17,4,84,21
30000000,100000,3000,"zipf3000",17,4,86,21
30000000,100000,3000,"zipf3000",17,4,87,57
30000000,100000,3000,"zipf3000",17,4,88,102
30000000,100000,3000,"zipf3000",17,4,89,14
30000000,100000,3000,"zipf3000",17,4,91,80
30000000,100000,3000,"zipf3000",17,4,92,64
30000000,100000,3000,"zipf3000",17,4,93,80
30000000,100000,3000,"zipf3000",17,4,94,59
30000000,100000,3000,"zipf3000",17,4,95,52
30000000,100000,3000,"zipf3000",17,4,96,77
30000000,100000,3000,"zipf3000",17,4,97,47
30000000,100000,3000,"zipf3000",17,4,102,17
30000000,100000,3000,"zipf3000",17,4,105,15
30000000,100000,3000,"zipf3000",17,4,106,17
30000000,100000,3000,"zipf3000",17,4,107,21
30000000,100000,3000,"zipf3000",17,4,110,23
30000000,100000,3000,"zipf3000",17,4,111,17
30000000,100000,3000,"zipf3000",17,4,113,84
30000000,100000,3000,"zipf3000",17,4,114,21
30000000,100000,3000,"zipf3000",17,4,116,36
30000000,100000,3000,"zipf3000",17,4,117,22
30000000,100000,3000,"zipf3000",17,4,118,18
30000000,100000,3000,"zipf3000",17,4,119,48
30000000,100000,3000,"zipf3000",17,4,120,39
30000000,100000,3000,"zipf3000",17,4,122,17
30000000,100000,3000,"zipf3000",17,4,123,19
30000000,100000,3000,"zipf3000",17,4,125,37
30000000,100000,3000,"zipf3000",17,4,127,49
30000000,100000,3000,"zipf3000",17,4,128,20
30000000,100000,3000,"zipf3000",17,4,129,24
30000000,100000,3000,"zipf3000",17,4,132,45
30000000,100000,3000,"zipf3000",17,4,137,17
30000000,100000,3000,"zipf3000",17,4,141,35
30000000,100000,3000,"zipf3000",17,4,143,39
30000000,100000,3000,"zipf3000",17,4,144,15
30000000,100000,3000,"zipf3000",17,4,145,14
30000000,100000,3000,"zipf3000",17,4,147,14
30000000,100000,3000,"zipf3000",17,4,150,43
30000000,100000,3000,"zipf3000",17,4,151,22
30000000,100000,3000,"zipf3000",17,4,154,25
30000000,100000,3000,"zipf3000",17,4,157,12
30000000,100000,3000,"zipf3000",17,4,160,19
30000000,100000,3000,"zipf3000",17,4,162,26
30000000,100000,3000,"zipf3000",17,4,163,20
30000000,100000,3000,"zipf3000",17,4,166,15
30000000,100000,3000,"zipf3000",17,4,176,41
30000000,100000,3000,"zipf3000",17,4,178,49
30000000,100000,3000,"zipf3000",17,4,187,19
30000000,100000,3000,"zipf3000",17,4,191,38
30000000,100000,3000,"zipf3000",17,4,202,25
30000000,100000,3000,"zipf3000",17,4,204,36
30000000,100000,3000,"zipf3000",17,4,207,33
30000000,100000,3000,"zipf3000",17,4,211,28
30000000,100000,3000,"zipf3000",17,4,216,18
30000000,100000,3000,"zipf3000",17,4,225,32
30000000,100000,3000,"zipf3000",17,4,230,22
30000000,100000,3000,"zipf3000",17,4,236,29
30000000,100000,3000,"zipf3000",17,4,240,19
30000000,100000,3000,"zipf3000",17,4,243,27
30000000,100000,3000,"zipf3000",17,4,250,23
30000000,100000,3000,"zipf3000",17,4,253,16
30000000,100000,3000,"zipf3000",17,4,257,16
30000000,100000,3000,"zipf3000",17,4,260,24
30000000,100000,3000,"zipf3000",17,4,264,59
30000000,100000,3000,"zipf3000",17,4,268,30
30000000,100000,3000,"zipf3000",17,4,272,13
30000000,100000,3000,"zipf3000",17,4,285,16
30000000,100000,3000,"zipf3000",17,4,290,20
30000000,100000,3000,"zipf3000",17,4,300,24
30000000,100000,3000,"zipf3000",17,4,310,16
30000000,100000,3000,"zipf3000",17,4,315,54
30000000,100000,3000,"zipf3000",17,4,321,26
30000000,100000,3000,"zipf3000",17,4,327,14
30000000,100000,3000,"zipf3000",17,4,333,17
30000000,100000,3000,"zipf3000",17,4,339,34
30000000,100000,3000,"zipf3000",17,4,346,19
30000000,100000,3000,"zipf3000",17,4,352,55
30000000,100000,3000,"zipf3000",17,4,367,37
30000000,100000,3000,"zipf3000",17,4,382,44
30000000,100000,3000,"zipf3000",17,4,391,21
30000000,100000,3000,"zipf3000",17,4,399,17
30000000,100000,3000,"zipf3000",17,4,409,44
30000000,100000,3000,"zipf3000",17,4,418,27
30000000,100000,3000,"zipf3000",17,4,428,36
30000000,100000,3000,"zipf3000",17,4,461,15
30000000,100000,3000,"zipf3000",17,4,473,13
30000000,100000,3000,"zipf3000",17,4,486,56
30000000,100000,3000,"zipf3000",17,4,499,43
30000000,100000,3000,"zipf3000",17,4,561,26
30000000,100000,3000,"zipf3000",17,4,579,40
30000000,100000,3000,"zipf3000",17,4,642,60
30000000,100000,3000,"zipf3000",17,4,718,37
30000000,100000,3000,"zipf3000",17,4,780,40
30000000,100000,3000,"zipf3000",17,4,816,33
30000000,100000,3000,"zipf3000",17,4,897,16
30000000,100000,3000,"zipf3000",17,4,944,24
30000000,100000,3000,"zipf3000",17,4,996,20
30000000,100000,3000,"zipf3000",17,4,1279,56
30000000,100000,3000,"zipf3000",17,4,1377,54
30000000,100000,3000,"zipf3000",17,8,0,29997410
30000000,100000,3000,"zipf3000",17,8,5,112
30000000,100000,3000,"zipf3000",17,8,6,195
30000000,100000,3000,"zipf3000",17,8,7,322
30000000,100000,3000,"zipf3000",17,8,8,271
30000000,100000,3000,"zipf3000",17,8,9,258
30000000,100000,3000,"zipf3000",17,8,10,82
30000000,100000,3000,"zipf3000",17,8,11,105
30000000,100000,3000,"zipf3000",17,8,12,10
30000000,100000,3000,"zipf3000",17,8,13,97
30000000,100000,3000,"zipf3000",17,8,14,45
30000000,100000,3000,"zipf3000",17,8,15,50
30000000,100000,3000,"zipf3000",17,8,16,49
30000000,100000,3000,"zipf3000",17,8,17,79
30000000,100000,3000,"zipf3000",17,8,18,29
30000000,100000,3000,"zipf3000",17,8,19,43
30000000,100000,3000,"zipf3000",17,8,20,59
30000000,100000,3000,"zipf3000",17,8,22,45
30000000,100000,3000,"zipf3000",17,8,23,30
30000000,100000,3000,"zipf3000",17,8,24,27
30000000,100000,3000,"zipf3000",17,8,26,18
30000000,100000,3000,"zipf3000",17,8,27,26
30000000,100000,3000,"zipf3000",17,8,30,11
30000000,100000,3000,"zipf3000",17,8,31,25
30000000,100000,3000,"zipf3000",17,8,33,35
30000000,100000,3000,"zipf3000",17,8,35,19
30000000,100000,3000,"zipf3000",17,8,37,30
30000000,100000,3000,"zipf3000",17,8,40,16
30000000,100000,3000,"zipf3000",17,8,41,10
30000000,100000,3000,"zipf3000",17,8,50,17
30000000,100000,3000,"zipf3000",17,8,51,19
30000000,100000,3000,"zipf3000",17,8,56,21
30000000,100000,3000,"zipf3000",17,8,62,21
30000000,100000,3000,"zipf3000",17,8,66,14
30000000,100000,3000,"zipf3000",17,8,67,19
30000000,100000,3000,"zipf3000",17,8,72,18
30000000,100000,3000,"zipf3000",17,8,73,26
30000000,100000,3000,"zipf3000",17,8,83,21
30000000,100000,3000,"zipf3000",17,8,88,20
30000000,100000,3000,"zipf3000",17,8,94,20
30000000,100000,3000,"zipf3000",17,8,102,16
30000000,100000,3000,"zipf3000",17,8,113,44
30000000,100000,3000,"zipf3000",17,8,116,21
30000000,100000,3000,"zipf3000",17,8,178,21
30000000,100000,3000,"zipf3000",17,8,204,27
30000000,100000,3000,"zipf3000",17,8,272,29
30000000,100000,3000,"zipf3000",17,8,339,23
30000000,100000,3000,"zipf3000",17,8,346,23
30000000,100000,3000,"zipf3000",17,8,409,15
30000000,100000,3000,"zipf3000",17,8,579,23
30000000,100000,3000,"zipf3000",17,8,780,19
30000000,100000,3000,"zipf3000",17,8,1377,15
30000000,100000,3000,"zipf3000",17,16,0,29999924
30000000,100000,3000,"zipf3000",17,16,7,15
30000000,100000,3000,"zipf3000",17,16,9,15
30000000,100000,3000,"zipf3000",17,16,17,23
30000000,100000,3000,"zipf3000",17,16,56,23
