300000,100000,3000,"zipf3000",14,4,0,296585
300000,100000,3000,"zipf3000",14,4,5,69
300000,100000,3000,"zipf3000",14,4,6,400
300000,100000,3000,"zipf3000",14,4,7,412
300000,100000,3000,"zipf3000",14,4,8,282
300000,100000,3000,"zipf3000",14,4,9,236
300000,100000,3000,"zipf3000",14,4,10,151
300000,100000,3000,"zipf3000",14,4,11,160
300000,100000,3000,"zipf3000",14,4,12,146
300000,100000,3000,"zipf3000",14,4,13,116
300000,100000,3000,"zipf3000",14,4,14,96
300000,100000,3000,"zipf3000",14,4,15,78
300000,100000,3000,"zipf3000",14,4,16,90
300000,100000,3000,"zipf3000",14,4,17,59
300000,100000,3000,"zipf3000",14,4,18,56
300000,100000,3000,"zipf3000",14,4,19,35
300000,100000,3000,"zipf3000",14,4,20,52
300000,100000,3000,"zipf3000",14,4,21,54
300000,100000,3000,"zipf3000",14,4,22,38
300000,100000,3000,"zipf3000",14,4,23,32
300000,100000,3000,"zipf3000",14,4,24,36
300000,100000,3000,"zipf3000",14,4,25,42
300000,100000,3000,"zipf3000",14,4,26,26
300000,100000,3000,"zipf3000",14,4,27,21
300000,100000,3000,"zipf3000",14,4,28,15
300000,100000,3000,"zipf3000",14,4,29,16
300000,100000,3000,"zipf3000",14,4,30,21
300000,100000,3000,"zipf3000",14,4,31,25
300000,100000,3000,"zipf3000",14,4,32,17
300000,100000,3000,"zipf3000",14,4,33,24
300000,100000,3000,"zipf3000",14,4,34,16
300000,100000,3000,"zipf3000",14,4,35,16
300000,100000,3000,"zipf3000",14,4,36,9
300000,100000,3000,"zipf3000",14,4,37,18
300000,100000,3000,"zipf3000",14,4,38,20
300000,100000,3000,"zipf3000",14,4,39,13
300000,100000,3000,"zipf3000",14,4,40,12
300000,100000,3000,"zipf3000",14,4,41,8
300000,100000,3000,"zipf3000",14,4,42,19
300000,100000,3000,"zipf3000",14,4,43,5
300000,100000,3000,"zipf3000",14,4,44,11
300000,100000,3000,"zipf3000",14,4,45,7
300000,100000,3000,"zipf3000",14,4,46,10
300000,100000,3000,"zipf3000",14,4,47,13
300000,100000,3000,"zipf3000",14,4,48,1
300000,100000,3000,"zipf3000",14,4,49,7
300000,100000,3000,"zipf3000",14,4,50,10
300000,100000,3000,"zipf3000",14,4,51,13
300000,100000,3000,"zipf3000",14,4,52,6
300000,100000,3000,"zipf3000",14,4,53,7
300000,100000,3000,"zipf3000",14,4,54,10
300000,100000,3000,"zipf3000",14,4,55,10
300000,100000,3000,"zipf3000",14,4,56,9
300000,100000,3000,"zipf3000",14,4,57,4
300000,100000,3000,"zipf3000",14,4,58,8
300000,100000,3000,"zipf3000",14,4,59,4
300000,100000,3000,"zipf3000",14,4,60,12
300000,100000,3000,"zipf3000",14,4,61,6
300000,100000,3000,"zipf3000",14,4,62,6
300000,100000,3000,"zipf3000",14,4,63,5
300000,100000,3000,"zipf3000",14,4,64,9
300000,100000,3000,"zipf3000",14,4,65,3
300000,100000,3000,"zipf3000",14,4,66,5
300000,100000,3000,"zipf3000",14,4,67,2
300000,100000,3000,"zipf3000",14,4,68,6
300000,100000,3000,"zipf3000",14,4,69,2
300000,100000,3000,"zipf3000",14,4,70,5
300000,100000,3000,"zipf3000",14,4,71,4
300000,100000,3000,"zipf3000",14,4,72,1
300000,100000,3000,"zipf3000",14,4,73,2
300000,100000,3000,"zipf3000",14,4,74,4
300000,100000,3000,"zipf3000",14,4,75,9
300000,100000,3000,"zipf3000",14,4,76,7
300000,100000,3000,"zipf3000",14,4,77,5
300000,100000,3000,"zipf3000",14,4,78,3
300000,100000,3000,"zipf3000",14,4,79,4
300000,100000,3000,"zipf3000",14,4,80,2
300000,100000,3000,"zipf3000",14,4,81,3
300000,100000,3000,"zipf3000",14,4,82,8
300000,100000,3000,"zipf3000",14,4,83,4
300000,100000,3000,"zipf3000",14,4,84,6
300000,100000,3000,"zipf3000",14,4,85,3
300000,100000,3000,"zipf3000",14,4,86,1
300000,100000,3000,"zipf3000",14,4,87,4
300000,100000,3000,"zipf3000",14,4,88,1
300000,100000,3000,"zipf3000",14,4,89,4
300000,100000,3000,"zipf3000",14,4,92,1
300000,100000,3000,"zipf3000",14,4,93,6
300000,100000,3000,"zipf3000",14,4,94,3
300000,100000,3000,"zipf3000",14,4,96,2
300000,100000,3000,"zipf3000",14,4,97,1
300000,100000,3000,"zipf3000",14,4,98,1
300000,100000,3000,"zipf3000",14,4,100,1
300000,100000,3000,"zipf3000",14,4,101,1
300000,100000,3000,"zipf3000",14,4,102,1
300000,100000,3000,"zipf3000",14,4,103,1
300000,100000,3000,"zipf3000",14,4,105,1
300000,100000,3000,"zipf3000",14,4,106,1
300000,100000,3000,"zipf3000",14,4,107,1
300000,100000,3000,"zipf3000",14,4,109,3
300000,100000,3000,"zipf3000",14,4,110,2
300000,100000,3000,"zipf3000",14,4,112,3
300000,100000,3000,"zipf3000",14,4,113,4
300000,100000,3000,"zipf3000",14,4,114,1
300000,100000,3000,"zipf3000",14,4,115,1
300000,100000,3000,"zipf3000",14,4,116,3
300000,100000,3000,"zipf3000",14,4,117,4
300000,100000,3000,"zipf3000",14,4,118,1
300000,100000,3000,"zipf3000",14,4,119,1
300000,100000,3000,"zipf3000",14,4,120,3
300000,100000,3000,"zipf3000",14,4,123,1
300000,100000,3000,"zipf3000",14,4,125,1
300000,100000,3000,"zipf3000",14,4,126,2
300000,100000,3000,"zipf3000",14,4,127,1
300000,100000,3000,"zipf3000",14,4,130,1
300000,100000,3000,"zipf3000",14,4,134,2
300000,100000,3000,"zipf3000",14,4,135,2
300000,100000,3000,"zipf3000",14,4,136,1
300000,100000,3000,"zipf3000",14,4,137,3
300000,100000,3000,"zipf3000",14,4,138,2
300000,100000,3000,"zipf3000",14,4,140,2
300000,100000,3000,"zipf3000",14,4,141,1
300000,100000,3000,"zipf3000",14,4,143,1
300000,100000,3000,"zipf3000",14,4,144,1
300000,100000,3000,"zipf3000",14,4,145,2
300000,100000,3000,"zipf3000",14,4,147,1
300000,100000,3000,"zipf3000",14,4,148,3
300000,100000,3000,"zipf3000",14,4,150,1
300000,100000,3000,"zipf3000",14,4,151,2
300000,100000,3000,"zipf3000",14,4,152,1
300000,100000,3000,"zipf3000",14,4,154,3
300000,100000,3000,"zipf3000",14,4,155,2
300000,100000,3000,"zipf3000",14,4,156,1
300000,100000,3000,"zipf3000",14,4,160,1
300000,100000,3000,"zipf3000",14,4,162,1
300000,100000,3000,"zipf3000",14,4,163,4
300000,100000,3000,"zipf3000",14,4,165,3
300000,100000,3000,"zipf3000",14,4,169,2
300000,100000,3000,"zipf3000",14,4,171,3
300000,100000,3000,"zipf3000",14,4,176,1
300000,100000,3000,"zipf3000",14,4,178,2
300000,100000,3000,"zipf3000",14,4,180,1
300000,100000,3000,"zipf3000",14,4,183,1
300000,100000,3000,"zipf3000",14,4,185,1
300000,100000,3000,"zipf3000",14,4,187,2
300000,100000,3000,"zipf3000",14,4,189,1
300000,100000,3000,"zipf3000",14,4,191,1
300000,100000,3000,"zipf3000",14,4,195,1
300000,100000,3000,"zipf3000",14,4,197,1
300000,100000,3000,"zipf3000",14,4,204,4
300000,100000,3000,"zipf3000",14,4,207,3
300000,100000,3000,"zipf3000",14,4,209,3
300000,100000,3000,"zipf3000",14,4,211,2
300000,100000,3000,"zipf3000",14,4,225,1
300000,100000,3000,"zipf3000",14,4,230,3
300000,100000,3000,"zipf3000",14,4,233,2
300000,100000,3000,"zipf3000",14,4,243,2
300000,100000,3000,"zipf3000",14,4,250,1
300000,100000,3000,"zipf3000",14,4,257,1
300000,100000,3000,"zipf3000",14,4,264,2
300000,100000,3000,"zipf3000",14,4,268,3
300000,100000,3000,"zipf3000",14,4,272,2
300000,100000,3000,"zipf3000",14,4,277,2
300000,100000,3000,"zipf3000",14,4,285,5
300000,100000,3000,"zipf3000",14,4,290,4
300000,100000,3000,"zipf3000",14,4,300,3
300000,100000,3000,"zipf3000",14,4,305,1
300000,100000,3000,"zipf3000",14,4,310,2
300000,100000,3000,"zipf3000",14,4,315,1
300000,100000,3000,"zipf3000",14,4,327,1
300000,100000,3000,"zipf3000",14,4,330,1
300000,100000,3000,"zipf3000",14,4,333,3
300000,100000,3000,"zipf3000",14,4,339,2
300000,100000,3000,"zipf3000",14,4,346,3
300000,100000,3000,"zipf3000",14,4,352,1
300000,100000,3000,"zipf3000",14,4,359,2
300000,100000,3000,"zipf3000",14,4,382,1
300000,100000,3000,"zipf3000",14,4,391,1
300000,100000,3000,"zipf3000",14,4,399,1
300000,100000,3000,"zipf3000",14,4,418,3
300000,100000,3000,"zipf3000",14,4,438,3
300000,100000,3000,"zipf3000",14,4,449,1
300000,100000,3000,"zipf3000",14,4,461,1
300000,100000,3000,"zipf3000",14,4,486,2
300000,100000,3000,"zipf3000",14,4,499,1
300000,100000,3000,"zipf3000",14,4,528,2
300000,100000,3000,"zipf3000",14,4,561,2
300000,100000,3000,"zipf3000",14,4,579,2
300000,100000,3000,"zipf3000",14,4,599,1
300000,100000,3000,"zipf3000",14,4,619,1
300000,100000,3000,"zipf3000",14,4,665,1
300000,100000,3000,"zipf3000",14,4,780,2
300000,100000,3000,"zipf3000",14,4,816,1
300000,100000,3000,"zipf3000",14,4,855,3
300000,100000,3000,"zipf3000",14,4,944,1
300000,100000,3000,"zipf3000",14,4,1055,1
300000,100000,3000,"zipf3000",14,4,1195,3
300000,100000,3000,"zipf3000",14,4,1377,3
300000,100000,3000,"zipf3000",14,4,1491,1
300000,100000,3000,"zipf3000",14,8,0,299756
300000,100000,3000,"zipf3000",14,8,5,6
300000,100000,3000,"zipf3000",14,8,6,29
300000,100000,3000,"zipf3000",14,8,7,36
300000,100000,3000,"zipf3000",14,8,8,25
300000,100000,3000,"zipf3000",14,8,9,11
300000,100000,3000,"zipf3000",14,8,10,17
300000,100000,3000,"zipf3000",14,8,11,12
300000,100000,3000,"zipf3000",14,8,12,13
300000,100000,3000,"zipf3000",14,8,13,4
300000,100000,3000,"zipf3000",14,8,14,6
300000,100000,3000,"zipf3000",14,8,15,7
300000,100000,3000,"zipf3000",14,8,16,2
300000,100000,3000,"zipf3000",14,8,17,5
300000,100000,3000,"zipf3000",14,8,18,4
300000,100000,3000,"zipf3000",14,8,19,1
300000,100000,3000,"zipf3000",14,8,20,6
300000,100000,3000,"zipf3000",14,8,21,1
300000,100000,3000,"zipf3000",14,8,22,1
300000,100000,3000,"zipf3000",14,8,23,2
300000,100000,3000,"zipf3000",14,8,24,2
300000,100000,3000,"zipf3000",14,8,27,2
300000,100000,3000,"zipf3000",14,8,28,5
300000,100000,3000,"zipf3000",14,8,31,1
300000,100000,3000,"zipf3000",14,8,32,3
300000,100000,3000,"zipf3000",14,8,35,2
300000,100000,3000,"zipf3000",14,8,36,5
300000,100000,3000,"zipf3000",14,8,38,1
300000,100000,3000,"zipf3000",14,8,39,1
300000,100000,3000,"zipf3000",14,8,40,2
300000,100000,3000,"zipf3000",14,8,43,1
300000,100000,3000,"zipf3000",14,8,49,1
300000,100000,3000,"zipf3000",14,8,52,1
300000,100000,3000,"zipf3000",14,8,56,2
300000,100000,3000,"zipf3000",14,8,62,2
300000,100000,3000,"zipf3000",14,8,66,1
300000,100000,3000,"zipf3000",14,8,71,1
300000,100000,3000,"zipf3000",14,8,72,1
300000,100000,3000,"zipf3000",14,8,73,1
300000,100000,3000,"zipf3000",14,8,78,1
300000,100000,3000,"zipf3000",14,8,87,1
300000,100000,3000,"zipf3000",14,8,91,1
300000,100000,3000,"zipf3000",14,8,113,1
300000,100000,3000,"zipf3000",14,8,132,2
300000,100000,3000,"zipf3000",14,8,137,2
300000,100000,3000,"zipf3000",14,8,141,1
300000,100000,3000,"zipf3000",14,8,191,1
300000,100000,3000,"zipf3000",14,8,202,1
300000,100000,3000,"zipf3000",14,8,207,1
300000,100000,3000,"zipf3000",14,8,264,1
300000,100000,3000,"zipf3000",14,8,315,2
300000,100000,3000,"zipf3000",14,8,382,1
300000,100000,3000,"zipf3000",14,8,399,1
300000,100000,3000,"zipf3000",14,8,409,2
300000,100000,3000,"zipf3000",14,8,486,1
300000,100000,3000,"zipf3000",14,8,816,1
300000,100000,3000,"zipf3000",14,16,0,300000
300000,100000,3000,"zipf3000",15,2,0,293248
300000,100000,3000,"zipf3000",15,2,5,181
300000,100000,3000,"zipf3000",15,2,6,855
300000,100000,3000,"zipf3000",15,2,7,753
300000,100000,3000,"zipf3000",15,2,8,479
300000,100000,3000,"zipf3000",15,2,9,471
300000,100000,3000,"zipf3000",15,2,10,338
300000,100000,3000,"zipf3000",15,2,11,314
300000,100000,3000,"zipf3000",15,2,12,297
300000,100000,3000,"zipf3000",15,2,13,210
300000,100000,3000,"zipf3000",15,2,14,185
300000,100000,3000,"zipf3000",15,2,15,164
300000,100000,3000,"zipf3000",15,2,16,177
300000,100000,3000,"zipf3000",15,2,17,111
300000,100000,3000,"zipf3000",15,2,18,134
300000,100000,3000,"zipf3000",15,2,19,83
300000,100000,3000,"zipf3000",15,2,20,86
300000,100000,3000,"zipf3000",15,2,21,85
300000,100000,3000,"zipf3000",15,2,22,92
300000,100000,3000,"zipf3000",15,2,23,88
300000,100000,3000,"zipf3000",15,2,24,53
300000,100000,3000,"zipf3000",15,2,25,69
300000,100000,3000,"zipf3000",15,2,26,46
300000,100000,3000,"zipf3000",15,2,27,58
300000,100000,3000,"zipf3000",15,2,28,36
300000,100000,3000,"zipf3000",15,2,29,49
300000,100000,3000,"zipf3000",15,2,30,34
300000,100000,3000,"zipf3000",15,2,31,47
300000,100000,3000,"zipf3000",15,2,32,36
300000,100000,3000,"zipf3000",15,2,33,43
300000,100000,3000,"zipf3000",15,2,34,56
300000,100000,3000,"zipf3000",15,2,35,30
300000,100000,3000,"zipf3000",15,2,36,35
300000,100000,3000,"zipf3000",15,2,37,26
300000,100000,3000,"zipf3000",15,2,38,27
300000,100000,3000,"zipf3000",15,2,39,17
300000,100000,3000,"zipf3000",15,2,40,34
300000,100000,3000,"zipf3000",15,2,41,16
300000,100000,3000,"zipf3000",15,2,42,33
300000,100000,3000,"zipf3000",15,2,43,18
300000,100000,3000,"zipf3000",15,2,44,16
300000,100000,3000,"zipf3000",15,2,45,17
300000,100000,3000,"zipf3000",15,2,46,14
300000,100000,3000,"zipf3000",15,2,47,27
300000,100000,3000,"zipf3000",15,2,48,15
300000,100000,3000,"zipf3000",15,2,49,14
300000,100000,3000,"zipf3000",15,2,50,12
300000,100000,3000,"zipf3000",15,2,51,18
300000,100000,3000,"zipf3000",15,2,52,9
300000,100000,3000,"zipf3000",15,2,53,11
300000,100000,3000,"zipf3000",15,2,54,13
300000,100000,3000,"zipf3000",15,2,55,10
300000,100000,3000,"zipf3000",15,2,56,15
300000,100000,3000,"zipf3000",15,2,57,10
300000,100000,3000,"zipf3000",15,2,58,20
300000,100000,3000,"zipf3000",15,2,59,14
300000,100000,3000,"zipf3000",15,2,60,13
300000,100000,3000,"zipf3000",15,2,61,6
300000,100000,3000,"zipf3000",15,2,62,10
300000,100000,3000,"zipf3000",15,2,63,7
300000,100000,3000,"zipf3000",15,2,64,14
300000,100000,3000,"zipf3000",15,2,65,3
300000,100000,3000,"zipf3000",15,2,66,19
300000,100000,3000,"zipf3000",15,2,67,9
300000,100000,3000,"zipf3000",15,2,68,4
300000,100000,3000,"zipf3000",15,2,69,12
300000,100000,3000,"zipf3000",15,2,70,10
300000,100000,3000,"zipf3000",15,2,71,5
300000,100000,3000,"zipf3000",15,2,72,5
300000,100000,3000,"zipf3000",15,2,73,7
300000,100000,3000,"zipf3000",15,2,74,4
300000,100000,3000,"zipf3000",15,2,75,11
300000,100000,3000,"zipf3000",15,2,76,4
300000,100000,3000,"zipf3000",15,2,77,10
300000,100000,3000,"zipf3000",15,2,78,5
300000,100000,3000,"zipf3000",15,2,79,7
300000,100000,3000,"zipf3000",15,2,80,6
300000,100000,3000,"zipf3000",15,2,81,3
300000,100000,3000,"zipf3000",15,2,82,10
300000,100000,3000,"zipf3000",15,2,83,7
300000,100000,3000,"zipf3000",15,2,84,11
300000,100000,3000,"zipf3000",15,2,85,2
300000,100000,3000,"zipf3000",15,2,86,10
300000,100000,3000,"zipf3000",15,2,87,5
300000,100000,3000,"zipf3000",15,2,88,5
300000,100000,3000,"zipf3000",15,2,89,2
300000,100000,3000,"zipf3000",15,2,90,2
300000,100000,3000,"zipf3000",15,2,91,3
300000,100000,3000,"zipf3000",15,2,92,5
300000,100000,3000,"zipf3000",15,2,93,6
300000,100000,3000,"zipf3000",15,2,94,5
300000,100000,3000,"zipf3000",15,2,95,2
300000,100000,3000,"zipf3000",15,2,96,2
300000,100000,3000,"zipf3000",15,2,97,5
300000,100000,3000,"zipf3000",15,2,98,1
300000,100000,3000,"zipf3000",15,2,99,3
300000,100000,3000,"zipf3000",15,2,100,2
300000,100000,3000,"zipf3000",15,2,101,9
300000,100000,3000,"zipf3000",15,2,102,6
300000,100000,3000,"zipf3000",15,2,103,3
300000,100000,3000,"zipf3000",15,2,104,1
300000,100000,3000,"zipf3000",15,2,105,4
300000,100000,3000,"zipf3000",15,2,106,3
300000,100000,3000,"zipf3000",15,2,107,2
300000,100000,3000,"zipf3000",15,2,108,1
300000,100000,3000,"zipf3000",15,2,109,9
300000,100000,3000,"zipf3000",15,2,110,2
300000,100000,3000,"zipf3000",15,2,111,9
300000,100000,3000,"zipf3000",15,2,112,2
300000,100000,3000,"zipf3000",15,2,113,4
300000,100000,3000,"zipf3000",15,2,114,1
300000,100000,3000,"zipf3000",15,2,115,3
300000,100000,3000,"zipf3000",15,2,116,4
300000,100000,3000,"zipf3000",15,2,117,4
300000,100000,3000,"zipf3000",15,2,118,1
300000,100000,3000,"zipf3000",15,2,119,4
300000,100000,3000,"zipf3000",15,2,120,6
300000,100000,3000,"zipf3000",15,2,121,4
300000,100000,3000,"zipf3000",15,2,123,3
300000,100000,3000,"zipf3000",15,2,124,1
300000,100000,3000,"zipf3000",15,2,125,5
300000,100000,3000,"zipf3000",15,2,126,6
300000,100000,3000,"zipf3000",15,2,127,3
300000,100000,3000,"zipf3000",15,2,128,3
300000,100000,3000,"zipf3000",15,2,129,5
300000,100000,3000,"zipf3000",15,2,130,2
300000,100000,3000,"zipf3000",15,2,132,2
300000,100000,3000,"zipf3000",15,2,135,1
300000,100000,3000,"zipf3000",15,2,136,2
300000,100000,3000,"zipf3000",15,2,137,2
300000,100000,3000,"zipf3000",15,2,138,8
300000,100000,3000,"zipf3000",15,2,139,3
300000,100000,3000,"zipf3000",15,2,140,7
300000,100000,3000,"zipf3000",15,2,143,3
300000,100000,3000,"zipf3000",15,2,144,1
300000,100000,3000,"zipf3000",15,2,145,1
300000,100000,3000,"zipf3000",15,2,146,2
300000,100000,3000,"zipf3000",15,2,147,1
300000,100000,3000,"zipf3000",15,2,148,6
300000,100000,3000,"zipf3000",15,2,150,2
300000,100000,3000,"zipf3000",15,2,151,2
300000,100000,3000,"zipf3000",15,2,152,7
300000,100000,3000,"zipf3000",15,2,154,1
300000,100000,3000,"zipf3000",15,2,155,1
300000,100000,3000,"zipf3000",15,2,157,2
300000,100000,3000,"zipf3000",15,2,159,1
300000,100000,3000,"zipf3000",15,2,162,1
300000,100000,3000,"zipf3000",15,2,163,7
300000,100000,3000,"zipf3000",15,2,165,2
300000,100000,3000,"zipf3000",15,2,166,3
300000,100000,3000,"zipf3000",15,2,168,1
300000,100000,3000,"zipf3000",15,2,169,1
300000,100000,3000,"zipf3000",15,2,171,4
300000,100000,3000,"zipf3000",15,2,173,1
300000,100000,3000,"zipf3000",15,2,174,3
300000,100000,3000,"zipf3000",15,2,176,4
300000,100000,3000,"zipf3000",15,2,180,3
300000,100000,3000,"zipf3000",15,2,181,2
300000,100000,3000,"zipf3000",15,2,183,4
300000,100000,3000,"zipf3000",15,2,185,1
300000,100000,3000,"zipf3000",15,2,189,4
300000,100000,3000,"zipf3000",15,2,191,1
300000,100000,3000,"zipf3000",15,2,193,4
300000,100000,3000,"zipf3000",15,2,195,1
300000,100000,3000,"zipf3000",15,2,197,5
300000,100000,3000,"zipf3000",15,2,200,2
300000,100000,3000,"zipf3000",15,2,202,3
300000,100000,3000,"zipf3000",15,2,204,3
300000,100000,3000,"zipf3000",15,2,207,5
300000,100000,3000,"zipf3000",15,2,209,2
300000,100000,3000,"zipf3000",15,2,211,2
300000,100000,3000,"zipf3000",15,2,216,1
300000,100000,3000,"zipf3000",15,2,219,2
300000,100000,3000,"zipf3000",15,2,222,3
300000,100000,3000,"zipf3000",15,2,225,1
300000,100000,3000,"zipf3000",15,2,227,2
300000,100000,3000,"zipf3000",15,2,230,2
300000,100000,3000,"zipf3000",15,2,233,1
300000,100000,3000,"zipf3000",15,2,236,3
300000,100000,3000,"zipf3000",15,2,240,2
300000,100000,3000,"zipf3000",15,2,243,3
300000,100000,3000,"zipf3000",15,2,246,2
300000,100000,3000,"zipf3000",15,2,250,5
300000,100000,3000,"zipf3000",15,2,253,3
300000,100000,3000,"zipf3000",15,2,260,2
300000,100000,3000,"zipf3000",15,2,264,3
300000,100000,3000,"zipf3000",15,2,268,4
300000,100000,3000,"zipf3000",15,2,277,1
300000,100000,3000,"zipf3000",15,2,281,4
300000,100000,3000,"zipf3000",15,2,285,3
300000,100000,3000,"zipf3000",15,2,290,1
300000,100000,3000,"zipf3000",15,2,295,1
300000,100000,3000,"zipf3000",15,2,300,5
300000,100000,3000,"zipf3000",15,2,305,2
300000,100000,3000,"zipf3000",15,2,310,4
300000,100000,3000,"zipf3000",15,2,315,1
300000,100000,3000,"zipf3000",15,2,321,5
300000,100000,3000,"zipf3000",15,2,323,1
300000,100000,3000,"zipf3000",15,2,329,1
300000,100000,3000,"zipf3000",15,2,337,1
300000,100000,3000,"zipf3000",15,2,339,2
300000,100000,3000,"zipf3000",15,2,346,2
300000,100000,3000,"zipf3000",15,2,359,3
300000,100000,3000,"zipf3000",15,2,367,5
300000,100000,3000,"zipf3000",15,2,374,3
300000,100000,3000,"zipf3000",15,2,382,4
300000,100000,3000,"zipf3000",15,2,391,3
300000,100000,3000,"zipf3000",15,2,399,3
300000,100000,3000,"zipf3000",15,2,409,3
300000,100000,3000,"zipf3000",15,2,418,3
300000,100000,3000,"zipf3000",15,2,428,5
300000,100000,3000,"zipf3000",15,2,438,1
300000,100000,3000,"zipf3000",15,2,461,1
300000,100000,3000,"zipf3000",15,2,473,2
300000,100000,3000,"zipf3000",15,2,486,3
300000,100000,3000,"zipf3000",15,2,499,2
300000,100000,3000,"zipf3000",15,2,513,1
300000,100000,3000,"zipf3000",15,2,528,2
300000,100000,3000,"zipf3000",15,2,545,3
300000,100000,3000,"zipf3000",15,2,579,1
300000,100000,3000,"zipf3000",15,2,599,3
300000,100000,3000,"zipf3000",15,2,619,3
300000,100000,3000,"zipf3000",15,2,642,2
300000,100000,3000,"zipf3000",15,2,665,2
300000,100000,3000,"zipf3000",15,2,691,1
300000,100000,3000,"zipf3000",15,2,780,3
300000,100000,3000,"zipf3000",15,2,816,1
300000,100000,3000,"zipf3000",15,2,855,1
300000,100000,3000,"zipf3000",15,2,897,4
300000,100000,3000,"zipf3000",15,2,944,1
300000,100000,3000,"zipf3000",15,2,996,4
300000,100000,3000,"zipf3000",15,2,1055,1
300000,100000,3000,"zipf3000",15,2,1120,2
300000,100000,3000,"zipf3000",15,2,1195,2
300000,100000,3000,"zipf3000",15,2,1279,1
300000,100000,3000,"zipf3000",15,2,1377,3
300000,100000,3000,"zipf3000",15,4,0,298369
300000,100000,3000,"zipf3000",15,4,5,36
300000,100000,3000,"zipf3000",15,4,6,202
300000,100000,3000,"zipf3000",15,4,7,190
300000,100000,3000,"zipf3000",15,4,8,100
300000,100000,3000,"zipf3000",15,4,9,112
300000,100000,3000,"zipf3000",15,4,10,102
300000,100000,3000,"zipf3000",15,4,11,75
300000,100000,3000,"zipf3000",15,4,12,55
300000,100000,3000,"zipf3000",15,4,13,54
300000,100000,3000,"zipf3000",15,4,14,41
300000,100000,3000,"zipf3000",15,4,15,48
300000,100000,3000,"zipf3000",15,4,16,38
300000,100000,3000,"zipf3000",15,4,17,19
300000,100000,3000,"zipf3000",15,4,18,23
300000,100000,3000,"zipf3000",15,4,19,27
300000,100000,3000,"zipf3000",15,4,20,28
300000,100000,3000,"zipf3000",15,4,21,21
300000,100000,3000,"zipf3000",15,4,22,17
300000,100000,3000,"zipf3000",15,4,23,28
300000,100000,3000,"zipf3000",15,4,24,16
300000,100000,3000,"zipf3000",15,4,25,14
300000,100000,3000,"zipf3000",15,4,26,12
300000,100000,3000,"zipf3000",15,4,27,15
300000,100000,3000,"zipf3000",15,4,28,11
300000,100000,3000,"zipf3000",15,4,29,13
300000,100000,3000,"zipf3000",15,4,30,10
300000,100000,3000,"zipf3000",15,4,31,8
300000,100000,3000,"zipf3000",15,4,32,6
300000,100000,3000,"zipf3000",15,4,33,4
300000,100000,3000,"zipf3000",15,4,34,13
300000,100000,3000,"zipf3000",15,4,35,7
300000,100000,3000,"zipf3000",15,4,36,10
300000,100000,3000,"zipf3000",15,4,37,11
300000,100000,3000,"zipf3000",15,4,38,2
300000,100000,3000,"zipf3000",15,4,39,2
300000,100000,3000,"zipf3000",15,4,40,3
300000,100000,3000,"zipf3000",15,4,41,3
300000,100000,3000,"zipf3000",15,4,42,5
300000,100000,3000,"zipf3000",15,4,43,5
300000,100000,3000,"zipf3000",15,4,44,7
300000,100000,3000,"zipf3000",15,4,45,4
300000,100000,3000,"zipf3000",15,4,46,7
300000,100000,3000,"zipf3000",15,4,47,6
300000,100000,3000,"zipf3000",15,4,48,3
300000,100000,3000,"zipf3000",15,4,49,4
300000,100000,3000,"zipf3000",15,4,51,4
300000,100000,3000,"zipf3000",15,4,52,4
300000,100000,3000,"zipf3000",15,4,53,3
300000,100000,3000,"zipf3000",15,4,54,3
300000,100000,3000,"zipf3000",15,4,55,1
300000,100000,3000,"zipf3000",15,4,56,5
300000,100000,3000,"zipf3000",15,4,57,2
300000,100000,3000,"zipf3000",15,4,58,2
300000,100000,3000,"zipf3000",15,4,59,3
300000,100000,3000,"zipf3000",15,4,60,3
300000,100000,3000,"zipf3000",15,4,61,8
300000,100000,3000,"zipf3000",15,4,62,1
300000,100000,3000,"zipf3000",15,4,63,4
300000,100000,3000,"zipf3000",15,4,64,2
300000,100000,3000,"zipf3000",15,4,65,2
300000,100000,3000,"zipf3000",15,4,66,6
300000,100000,3000,"zipf3000",15,4,67,2
300000,100000,3000,"zipf3000",15,4,68,1
300000,100000,3000,"zipf3000",15,4,69,7
300000,100000,3000,"zipf3000",15,4,70,2
300000,100000,3000,"zipf3000",15,4,71,2
300000,100000,3000,"zipf3000",15,4,72,5
300000,100000,3000,"zipf3000",15,4,73,2
300000,100000,3000,"zipf3000",15,4,74,3
300000,100000,3000,"zipf3000",15,4,75,2
300000,100000,3000,"zipf3000",15,4,76,1
300000,100000,3000,"zipf3000",15,4,79,1
300000,100000,3000,"zipf3000",15,4,80,1
300000,100000,3000,"zipf3000",15,4,82,1
300000,100000,3000,"zipf3000",15,4,83,4
300000,100000,3000,"zipf3000",15,4,84,1
300000,100000,3000,"zipf3000",15,4,86,2
300000,100000,3000,"zipf3000",15,4,88,1
300000,100000,3000,"zipf3000",15,4,89,6
300000,100000,3000,"zipf3000",15,4,90,2
300000,100000,3000,"zipf3000",15,4,93,2
300000,100000,3000,"zipf3000",15,4,94,1
300000,100000,3000,"zipf3000",15,4,95,1
300000,100000,3000,"zipf3000",15,4,96,2
300000,100000,3000,"zipf3000",15,4,97,1
300000,100000,3000,"zipf3000",15,4,98,1
300000,100000,3000,"zipf3000",15,4,99,2
300000,100000,3000,"zipf3000",15,4,100,1
300000,100000,3000,"zipf3000",15,4,104,1
300000,100000,3000,"zipf3000",15,4,106,2
300000,100000,3000,"zipf3000",15,4,107,2
300000,100000,3000,"zipf3000",15,4,109,1
300000,100000,3000,"zipf3000",15,4,110,1
300000,100000,3000,"zipf3000",15,4,112,2
300000,100000,3000,"zipf3000",15,4,113,1
300000,100000,3000,"zipf3000",15,4,116,4
300000,100000,3000,"zipf3000",15,4,117,1
300000,100000,3000,"zipf3000",15,4,118,1
300000,100000,3000,"zipf3000",15,4,119,2
300000,100000,3000,"zipf3000",15,4,120,4
300000,100000,3000,"zipf3000",15,4,123,2
300000,100000,3000,"zipf3000",15,4,124,1
300000,100000,3000,"zipf3000",15,4,125,3
300000,100000,3000,"zipf3000",15,4,126,1
300000,100000,3000,"zipf3000",15,4,127,1
300000,100000,3000,"zipf3000",15,4,130,1
300000,100000,3000,"zipf3000",15,4,132,1
300000,100000,3000,"zipf3000",15,4,135,1
300000,100000,3000,"zipf3000",15,4,136,1
300000,100000,3000,"zipf3000",15,4,138,1
300000,100000,3000,"zipf3000",15,4,143,1
300000,100000,3000,"zipf3000",15,4,146,1
300000,100000,3000,"zipf3000",15,4,154,1
300000,100000,3000,"zipf3000",15,4,156,3
300000,100000,3000,"zipf3000",15,4,160,1
300000,100000,3000,"zipf3000",15,4,163,1
300000,100000,3000,"zipf3000",15,4,165,2
300000,100000,3000,"zipf3000",15,4,169,1
300000,100000,3000,"zipf3000",15,4,180,1
300000,100000,3000,"zipf3000",15,4,181,1
300000,100000,3000,"zipf3000",15,4,183,1
300000,100000,3000,"zipf3000",15,4,191,1
300000,100000,3000,"zipf3000",15,4,195,1
300000,100000,3000,"zipf3000",15,4,207,3
300000,100000,3000,"zipf3000",15,4,214,1
300000,100000,3000,"zipf3000",15,4,216,1
300000,100000,3000,"zipf3000",15,4,222,2
300000,100000,3000,"zipf3000",15,4,243,1
300000,100000,3000,"zipf3000",15,4,250,1
300000,100000,3000,"zipf3000",15,4,257,2
300000,100000,3000,"zipf3000",15,4,264,1
300000,100000,3000,"zipf3000",15,4,268,3
300000,100000,3000,"zipf3000",15,4,277,2
300000,100000,3000,"zipf3000",15,4,321,2
300000,100000,3000,"zipf3000",15,4,333,1
300000,100000,3000,"zipf3000",15,4,339,1
300000,100000,3000,"zipf3000",15,4,352,1
300000,100000,3000,"zipf3000",15,4,382,1
300000,100000,3000,"zipf3000",15,4,409,1
300000,100000,3000,"zipf3000",15,4,428,5
300000,100000,3000,"zipf3000",15,4,438,1
300000,100000,3000,"zipf3000",15,4,473,1
300000,100000,3000,"zipf3000",15,4,486,3
300000,100000,3000,"zipf3000",15,4,561,2
300000,100000,3000,"zipf3000",15,4,579,1
300000,100000,3000,"zipf3000",15,4,599,1
300000,100000,3000,"zipf3000",15,4,619,2
300000,100000,3000,"zipf3000",15,4,642,1
300000,100000,3000,"zipf3000",15,4,665,1
300000,100000,3000,"zipf3000",15,4,718,1
300000,100000,3000,"zipf3000",15,4,780,4
300000,100000,3000,"zipf3000",15,4,816,1
300000,100000,3000,"zipf3000",15,4,897,2
300000,100000,3000,"zipf3000",15,4,1055,1
300000,100000,3000,"zipf3000",15,4,1377,2
300000,100000,3000,"zipf3000",15,8,0,299872
300000,100000,3000,"zipf3000",15,8,6,12
300000,100000,3000,"zipf3000",15,8,7,15
300000,100000,3000,"zipf3000",15,8,8,15
300000,100000,3000,"zipf3000",15,8,9,10
300000,100000,3000,"zipf3000",15,8,10,11
300000,100000,3000,"zipf3000",15,8,11,6
300000,100000,3000,"zipf3000",15,8,12,6
300000,100000,3000,"zipf3000",15,8,13,4
300000,100000,3000,"zipf3000",15,8,14,1
300000,100000,3000,"zipf3000",15,8,15,2
300000,100000,3000,"zipf3000",15,8,16,1
300000,100000,3000,"zipf3000",15,8,17,8
300000,100000,3000,"zipf3000",15,8,18,1
300000,100000,3000,"zipf3000",15,8,20,3
300000,100000,3000,"zipf3000",15,8,23,2
300000,100000,3000,"zipf3000",15,8,26,1
300000,100000,3000,"zipf3000",15,8,27,1
300000,100000,3000,"zipf3000",15,8,30,2
300000,100000,3000,"zipf3000",15,8,31,2
300000,100000,3000,"zipf3000",15,8,37,1
300000,100000,3000,"zipf3000",15,8,40,3
300000,100000,3000,"zipf3000",15,8,42,2
300000,100000,3000,"zipf3000",15,8,51,1
300000,100000,3000,"zipf3000",15,8,56,2
300000,100000,3000,"zipf3000",15,8,64,1
300000,100000,3000,"zipf3000",15,8,67,1
300000,100000,3000,"zipf3000",15,8,72,1
300000,100000,3000,"zipf3000",15,8,83,1
300000,100000,3000,"zipf3000",15,8,87,1
300000,100000,3000,"zipf3000",15,8,88,1
300000,100000,3000,"zipf3000",15,8,91,1
300000,100000,3000,"zipf3000",15,8,93,2
300000,100000,3000,"zipf3000",15,8,113,1
300000,100000,3000,"zipf3000",15,8,116,1
300000,100000,3000,"zipf3000",15,8,315,1
300000,100000,3000,"zipf3000",15,8,327,1
300000,100000,3000,"zipf3000",15,8,367,1
300000,100000,3000,"zipf3000",15,8,409,1
300000,100000,3000,"zipf3000",15,8,1377,1
300000,100000,3000,"zipf3000",15,16,0,300000
300000,100000,3000,"zipf3000",16,2,0,296546
300000,100000,3000,"zipf3000",16,2,5,75
300000,100000,3000,"zipf3000",16,2,6,388
300000,100000,3000,"zipf3000",16,2,7,403
300000,100000,3000,"zipf3000",16,2,8,254
300000,100000,3000,"zipf3000",16,2,9,240
300000,100000,3000,"zipf3000",16,2,10,188
300000,100000,3000,"zipf3000",16,2,11,167
300000,100000,3000,"zipf3000",16,2,12,139
300000,100000,3000,"zipf3000",16,2,13,107
300000,100000,3000,"zipf3000",16,2,14,79
300000,100000,3000,"zipf3000",16,2,15,82
300000,100000,3000,"zipf3000",16,2,16,89
300000,100000,3000,"zipf3000",16,2,17,55
300000,100000,3000,"zipf3000",16,2,18,84
300000,100000,3000,"zipf3000",16,2,19,43
300000,100000,3000,"zipf3000",16,2,20,55
300000,100000,3000,"zipf3000",16,2,21,43
300000,100000,3000,"zipf3000",16,2,22,50
300000,100000,3000,"zipf3000",16,2,23,50
300000,100000,3000,"zipf3000",16,2,24,34
300000,100000,3000,"zipf3000",16,2,25,37
300000,100000,3000,"zipf3000",16,2,26,21
300000,100000,3000,"zipf3000",16,2,27,38
300000,100000,3000,"zipf3000",16,2,28,16
300000,100000,3000,"zipf3000",16,2,29,26
300000,100000,3000,"zipf3000",16,2,30,20
300000,100000,3000,"zipf3000",16,2,31,31
300000,100000,3000,"zipf3000",16,2,32,19
300000,100000,3000,"zipf3000",16,2,33,22
300000,100000,3000,"zipf3000",16,2,34,24
300000,100000,3000,"zipf3000",16,2,35,20
300000,100000,3000,"zipf3000",16,2,36,22
300000,100000,3000,"zipf3000",16,2,37,12
300000,100000,3000,"zipf3000",16,2,38,14
300000,100000,3000,"zipf3000",16,2,39,7
300000,100000,3000,"zipf3000",16,2,40,18
300000,100000,3000,"zipf3000",16,2,41,4
300000,100000,3000,"zipf3000",16,2,42,18
300000,100000,3000,"zipf3000",16,2,43,9
300000,100000,3000,"zipf3000",16,2,44,19
300000,100000,3000,"zipf3000",16,2,45,6
300000,100000,3000,"zipf3000",16,2,46,9
300000,100000,3000,"zipf3000",16,2,47,6
300000,100000,3000,"zipf3000",16,2,48,8
300000,100000,3000,"zipf3000",16,2,49,12
300000,100000,3000,"zipf3000",16,2,50,5
300000,100000,3000,"zipf3000",16,2,51,10
300000,100000,3000,"zipf3000",16,2,52,3
300000,100000,3000,"zipf3000",16,2,53,6
300000,100000,3000,"zipf3000",16,2,54,10
300000,100000,3000,"zipf3000",16,2,55,7
300000,100000,3000,"zipf3000",16,2,56,8
300000,100000,3000,"zipf3000",16,2,57,5
300000,100000,3000,"zipf3000",16,2,58,5
300000,100000,3000,"zipf3000",16,2,59,6
300000,100000,3000,"zipf3000",16,2,60,6
300000,100000,3000,"zipf3000",16,2,61,5
300000,100000,3000,"zipf3000",16,2,62,5
300000,100000,3000,"zipf3000",16,2,63,5
300000,100000,3000,"zipf3000",16,2,64,4
300000,100000,3000,"zipf3000",16,2,65,3
300000,100000,3000,"zipf3000",16,2,66,5
300000,100000,3000,"zipf3000",16,2,67,3
300000,100000,3000,"zipf3000",16,2,68,2
300000,100000,3000,"zipf3000",16,2,69,10
300000,100000,3000,"zipf3000",16,2,70,7
300000,100000,3000,"zipf3000",16,2,71,2
300000,100000,3000,"zipf3000",16,2,72,1
300000,100000,3000,"zipf3000",16,2,74,3
300000,100000,3000,"zipf3000",16,2,75,11
300000,100000,3000,"zipf3000",16,2,76,4
300000,100000,3000,"zipf3000",16,2,77,7
300000,100000,3000,"zipf3000",16,2,78,5
300000,100000,3000,"zipf3000",16,2,79,3
300000,100000,3000,"zipf3000",16,2,80,1
300000,100000,3000,"zipf3000",16,2,81,2
300000,100000,3000,"zipf3000",16,2,82,8
300000,100000,3000,"zipf3000",16,2,83,4
300000,100000,3000,"zipf3000",16,2,84,2
300000,100000,3000,"zipf3000",16,2,85,2
300000,100000,3000,"zipf3000",16,2,86,2
300000,100000,3000,"zipf3000",16,2,87,3
300000,100000,3000,"zipf3000",16,2,88,1
300000,100000,3000,"zipf3000",16,2,89,5
300000,100000,3000,"zipf3000",16,2,90,2
300000,100000,3000,"zipf3000",16,2,91,2
300000,100000,3000,"zipf3000",16,2,92,1
300000,100000,3000,"zipf3000",16,2,93,6
300000,100000,3000,"zipf3000",16,2,94,2
300000,100000,3000,"zipf3000",16,2,95,1
300000,100000,3000,"zipf3000",16,2,96,2
300000,100000,3000,"zipf3000",16,2,97,2
300000,100000,3000,"zipf3000",16,2,98,2
300000,100000,3000,"zipf3000",16,2,99,1
300000,100000,3000,"zipf3000",16,2,100,2
300000,100000,3000,"zipf3000",16,2,101,3
300000,100000,3000,"zipf3000",16,2,103,1
300000,100000,3000,"zipf3000",16,2,104,3
300000,100000,3000,"zipf3000",16,2,105,3
300000,100000,3000,"zipf3000",16,2,106,3
300000,100000,3000,"zipf3000",16,2,107,2
300000,100000,3000,"zipf3000",16,2,109,1
300000,100000,3000,"zipf3000",16,2,111,2
300000,100000,3000,"zipf3000",16,2,112,2
300000,100000,3000,"zipf3000",16,2,113,1
300000,100000,3000,"zipf3000",16,2,114,3
300000,100000,3000,"zipf3000",16,2,116,2
300000,100000,3000,"zipf3000",16,2,119,1
300000,100000,3000,"zipf3000",16,2,120,4
300000,100000,3000,"zipf3000",16,2,122,2
300000,100000,3000,"zipf3000",16,2,123,1
300000,100000,3000,"zipf3000",16,2,124,3
300000,100000,3000,"zipf3000",16,2,125,2
300000,100000,3000,"zipf3000",16,2,129,1
300000,100000,3000,"zipf3000",16,2,131,1
300000,100000,3000,"zipf3000",16,2,134,1
300000,100000,3000,"zipf3000",16,2,135,1
300000,100000,3000,"zipf3000",16,2,136,2
300000,100000,3000,"zipf3000",16,2,137,1
300000,100000,3000,"zipf3000",16,2,138,1
300000,100000,3000,"zipf3000",16,2,139,1
300000,100000,3000,"zipf3000",16,2,140,1
300000,100000,3000,"zipf3000",16,2,144,1
300000,100000,3000,"zipf3000",16,2,145,1
300000,100000,3000,"zipf3000",16,2,146,1
300000,100000,3000,"zipf3000",16,2,147,1
300000,100000,3000,"zipf3000",16,2,150,2
300000,100000,3000,"zipf3000",16,2,151,2
300000,100000,3000,"zipf3000",16,2,152,1
300000,100000,3000,"zipf3000",16,2,154,3
300000,100000,3000,"zipf3000",16,2,155,1
300000,100000,3000,"zipf3000",16,2,159,1
300000,100000,3000,"zipf3000",16,2,160,2
300000,100000,3000,"zipf3000",16,2,162,3
300000,100000,3000,"zipf3000",16,2,163,3
300000,100000,3000,"zipf3000",16,2,165,2
300000,100000,3000,"zipf3000",16,2,166,1
300000,100000,3000,"zipf3000",16,2,168,1
300000,100000,3000,"zipf3000",16,2,169,2
300000,100000,3000,"zipf3000",16,2,171,1
300000,100000,3000,"zipf3000",16,2,173,2
300000,100000,3000,"zipf3000",16,2,174,4
300000,100000,3000,"zipf3000",16,2,176,1
300000,100000,3000,"zipf3000",16,2,181,1
300000,100000,3000,"zipf3000",16,2,183,3
300000,100000,3000,"zipf3000",16,2,185,1
300000,100000,3000,"zipf3000",16,2,189,1
300000,100000,3000,"zipf3000",16,2,191,2
300000,100000,3000,"zipf3000",16,2,195,1
300000,100000,3000,"zipf3000",16,2,197,2
300000,100000,3000,"zipf3000",16,2,202,1
300000,100000,3000,"zipf3000",16,2,204,1
300000,100000,3000,"zipf3000",16,2,207,1
300000,100000,3000,"zipf3000",16,2,216,4
300000,100000,3000,"zipf3000",16,2,219,2
300000,100000,3000,"zipf3000",16,2,222,1
300000,100000,3000,"zipf3000",16,2,225,1
300000,100000,3000,"zipf3000",16,2,227,2
300000,100000,3000,"zipf3000",16,2,233,1
300000,100000,3000,"zipf3000",16,2,236,4
300000,100000,3000,"zipf3000",16,2,243,1
300000,100000,3000,"zipf3000",16,2,246,1
300000,100000,3000,"zipf3000",16,2,253,2
300000,100000,3000,"zipf3000",16,2,257,1
300000,100000,3000,"zipf3000",16,2,260,1
300000,100000,3000,"zipf3000",16,2,264,1
300000,100000,3000,"zipf3000",16,2,268,2
300000,100000,3000,"zipf3000",16,2,272,3
300000,100000,3000,"zipf3000",16,2,277,2
300000,100000,3000,"zipf3000",16,2,281,2
300000,100000,3000,"zipf3000",16,2,285,1
300000,100000,3000,"zipf3000",16,2,300,1
300000,100000,3000,"zipf3000",16,2,305,1
300000,100000,3000,"zipf3000",16,2,321,1
300000,100000,3000,"zipf3000",16,2,327,1
300000,100000,3000,"zipf3000",16,2,330,1
300000,100000,3000,"zipf3000",16,2,333,2
300000,100000,3000,"zipf3000",16,2,339,1
300000,100000,3000,"zipf3000",16,2,359,2
300000,100000,3000,"zipf3000",16,2,374,1
300000,100000,3000,"zipf3000",16,2,382,2
300000,100000,3000,"zipf3000",16,2,391,1
300000,100000,3000,"zipf3000",16,2,399,1
300000,100000,3000,"zipf3000",16,2,409,1
300000,100000,3000,"zipf3000",16,2,418,1
300000,100000,3000,"zipf3000",16,2,449,1
300000,100000,3000,"zipf3000",16,2,461,1
300000,100000,3000,"zipf3000",16,2,473,3
300000,100000,3000,"zipf3000",16,2,486,2
300000,100000,3000,"zipf3000",16,2,499,2
300000,100000,3000,"zipf3000",16,2,528,1
300000,100000,3000,"zipf3000",16,2,561,2
300000,100000,3000,"zipf3000",16,2,579,2
300000,100000,3000,"zipf3000",16,2,642,1
300000,100000,3000,"zipf3000",16,2,665,2
300000,100000,3000,"zipf3000",16,2,691,1
300000,100000,3000,"zipf3000",16,2,718,2
300000,100000,3000,"zipf3000",16,2,816,1
300000,100000,3000,"zipf3000",16,2,855,2
300000,100000,3000,"zipf3000",16,2,944,2
300000,100000,3000,"zipf3000",16,2,996,1
300000,100000,3000,"zipf3000",16,2,1055,2
300000,100000,3000,"zipf3000",16,2,1120,2
300000,100000,3000,"zipf3000",16,2,1195,2
300000,100000,3000,"zipf3000",16,2,1279,1
300000,100000,3000,"zipf3000",16,2,1491,1
300000,100000,3000,"zipf3000",16,4,0,299078
300000,100000,3000,"zipf3000",16,4,5,29
300000,100000,3000,"zipf3000",16,4,6,105
300000,100000,3000,"zipf3000",16,4,7,105
300000,100000,3000,"zipf3000",16,4,8,65
300000,100000,3000,"zipf3000",16,4,9,68
300000,100000,3000,"zipf3000",16,4,10,50
300000,100000,3000,"zipf3000",16,4,11,40
300000,100000,3000,"zipf3000",16,4,12,40
300000,100000,3000,"zipf3000",16,4,13,25
300000,100000,3000,"zipf3000",16,4,14,32
300000,100000,3000,"zipf3000",16,4,15,22
300000,100000,3000,"zipf3000",16,4,16,24
300000,100000,3000,"zipf3000",16,4,17,20
300000,100000,3000,"zipf3000",16,4,18,17
300000,100000,3000,"zipf3000",16,4,19,8
300000,100000,3000,"zipf3000",16,4,20,16
300000,100000,3000,"zipf3000",16,4,21,9
300000,100000,3000,"zipf3000",16,4,22,8
300000,100000,3000,"zipf3000",16,4,23,20
300000,100000,3000,"zipf3000",16,4,24,19
300000,100000,3000,"zipf3000",16,4,25,3
300000,100000,3000,"zipf3000",16,4,26,14
300000,100000,3000,"zipf3000",16,4,27,9
300000,100000,3000,"zipf3000",16,4,28,5
300000,100000,3000,"zipf3000",16,4,29,3
300000,100000,3000,"zipf3000",16,4,30,4
300000,100000,3000,"zipf3000",16,4,31,3
300000,100000,3000,"zipf3000",16,4,32,2
300000,100000,3000,"zipf3000",16,4,33,5
300000,100000,3000,"zipf3000",16,4,34,2
300000,100000,3000,"zipf3000",16,4,35,4
300000,100000,3000,"zipf3000",16,4,36,1
300000,100000,3000,"zipf3000",16,4,37,3
300000,100000,3000,"zipf3000",16,4,38,4
300000,100000,3000,"zipf3000",16,4,39,6
300000,100000,3000,"zipf3000",16,4,40,4
300000,100000,3000,"zipf3000",16,4,41,2
300000,100000,3000,"zipf3000",16,4,42,4
300000,100000,3000,"zipf3000",16,4,43,5
300000,100000,3000,"zipf3000",16,4,44,2
300000,100000,3000,"zipf3000",16,4,45,3
300000,100000,3000,"zipf3000",16,4,46,2
300000,100000,3000,"zipf3000",16,4,47,3
300000,100000,3000,"zipf3000",16,4,48,2
300000,100000,3000,"zipf3000",16,4,49,3
300000,100000,3000,"zipf3000",16,4,50,4
300000,100000,3000,"zipf3000",16,4,51,2
300000,100000,3000,"zipf3000",16,4,53,2
300000,100000,3000,"zipf3000",16,4,54,4
300000,100000,3000,"zipf3000",16,4,55,3
300000,100000,3000,"zipf3000",16,4,56,1
300000,100000,3000,"zipf3000",16,4,57,1
300000,100000,3000,"zipf3000",16,4,58,3
300000,100000,3000,"zipf3000",16,4,59,1
300000,100000,3000,"zipf3000",16,4,60,5
300000,100000,3000,"zipf3000",16,4,61,3
300000,100000,3000,"zipf3000",16,4,62,3
300000,100000,3000,"zipf3000",16,4,64,1
300000,100000,3000,"zipf3000",16,4,65,1
300000,100000,3000,"zipf3000",16,4,66,2
300000,100000,3000,"zipf3000",16,4,67,1
300000,100000,3000,"zipf3000",16,4,69,4
300000,100000,3000,"zipf3000",16,4,70,1
300000,100000,3000,"zipf3000",16,4,71,1
300000,100000,3000,"zipf3000",16,4,72,2
300000,100000,3000,"zipf3000",16,4,73,1
300000,100000,3000,"zipf3000",16,4,74,1
300000,100000,3000,"zipf3000",16,4,75,1
300000,100000,3000,"zipf3000",16,4,76,2
300000,100000,3000,"zipf3000",16,4,84,1
300000,100000,3000,"zipf3000",16,4,96,2
300000,100000,3000,"zipf3000",16,4,104,1
300000,100000,3000,"zipf3000",16,4,106,2
300000,100000,3000,"zipf3000",16,4,107,3
300000,100000,3000,"zipf3000",16,4,109,1
300000,100000,3000,"zipf3000",16,4,113,1
300000,100000,3000,"zipf3000",16,4,119,1
300000,100000,3000,"zipf3000",16,4,120,2
300000,100000,3000,"zipf3000",16,4,132,1
300000,100000,3000,"zipf3000",16,4,138,3
300000,100000,3000,"zipf3000",16,4,141,1
300000,100000,3000,"zipf3000",16,4,145,2
300000,100000,3000,"zipf3000",16,4,147,1
300000,100000,3000,"zipf3000",16,4,148,1
300000,100000,3000,"zipf3000",16,4,151,1
300000,100000,3000,"zipf3000",16,4,152,2
300000,100000,3000,"zipf3000",16,4,156,1
300000,100000,3000,"zipf3000",16,4,157,1
300000,100000,3000,"zipf3000",16,4,162,1
300000,100000,3000,"zipf3000",16,4,169,1
300000,100000,3000,"zipf3000",16,4,183,1
300000,100000,3000,"zipf3000",16,4,191,1
300000,100000,3000,"zipf3000",16,4,202,1
300000,100000,3000,"zipf3000",16,4,207,1
300000,100000,3000,"zipf3000",16,4,209,1
300000,100000,3000,"zipf3000",16,4,216,2
300000,100000,3000,"zipf3000",16,4,227,1
300000,100000,3000,"zipf3000",16,4,250,1
300000,100000,3000,"zipf3000",16,4,268,2
300000,100000,3000,"zipf3000",16,4,281,1
300000,100000,3000,"zipf3000",16,4,300,2
300000,100000,3000,"zipf3000",16,4,321,1
300000,100000,3000,"zipf3000",16,4,418,1
300000,100000,3000,"zipf3000",16,4,438,2
300000,100000,3000,"zipf3000",16,4,545,2
300000,100000,3000,"zipf3000",16,4,1195,1
300000,100000,3000,"zipf3000",16,4,1279,1
300000,100000,3000,"zipf3000",16,8,0,299930
300000,100000,3000,"zipf3000",16,8,5,1
300000,100000,3000,"zipf3000",16,8,6,8
300000,100000,3000,"zipf3000",16,8,7,3
300000,100000,3000,"zipf3000",16,8,8,11
300000,100000,3000,"zipf3000",16,8,9,4
300000,100000,3000,"zipf3000",16,8,10,3
300000,100000,3000,"zipf3000",16,8,11,4
300000,100000,3000,"zipf3000",16,8,12,3
300000,100000,3000,"zipf3000",16,8,13,3
300000,100000,3000,"zipf3000",16,8,14,1
300000,100000,3000,"zipf3000",16,8,15,3
300000,100000,3000,"zipf3000",16,8,16,2
300000,100000,3000,"zipf3000",16,8,17,3
300000,100000,3000,"zipf3000",16,8,19,3
300000,100000,3000,"zipf3000",16,8,20,1
300000,100000,3000,"zipf3000",16,8,22,1
300000,100000,3000,"zipf3000",16,8,25,1
300000,100000,3000,"zipf3000",16,8,30,1
300000,100000,3000,"zipf3000",16,8,31,2
300000,100000,3000,"zipf3000",16,8,37,1
300000,100000,3000,"zipf3000",16,8,41,1
300000,100000,3000,"zipf3000",16,8,42,1
300000,100000,3000,"zipf3000",16,8,56,1
300000,100000,3000,"zipf3000",16,8,73,1
300000,100000,3000,"zipf3000",16,8,87,1
300000,100000,3000,"zipf3000",16,8,97,1
300000,100000,3000,"zipf3000",16,8,113,1
300000,100000,3000,"zipf3000",16,8,204,1
300000,100000,3000,"zipf3000",16,8,243,1
300000,100000,3000,"zipf3000",16,8,315,1
300000,100000,3000,"zipf3000",16,8,780,1
300000,100000,3000,"zipf3000",16,16,0,299998
300000,100000,3000,"zipf3000",16,16,7,1
300000,100000,3000,"zipf3000",16,16,9,1
300000,100000,3000,"zipf3000",17,2,0,298256
300000,100000,3000,"zipf3000",17,2,5,37
300000,100000,3000,"zipf3000",17,2,6,217
300000,100000,3000,"zipf3000",17,2,7,204
300000,100000,3000,"zipf3000",17,2,8,118
300000,100000,3000,"zipf3000",17,2,9,122
300000,100000,3000,"zipf3000",17,2,10,97
300000,100000,3000,"zipf3000",17,2,11,83
300000,100000,3000,"zipf3000",17,2,12,62
300000,100000,3000,"zipf3000",17,2,13,56
300000,100000,3000,"zipf3000",17,2,14,55
300000,100000,3000,"zipf3000",17,2,15,51
300000,100000,3000,"zipf3000",17,2,16,46
300000,100000,3000,"zipf3000",17,2,17,36
300000,100000,3000,"zipf3000",17,2,18,30
300000,100000,3000,"zipf3000",17,2,19,24
300000,100000,3000,"zipf3000",17,2,20,23
300000,100000,3000,"zipf3000",17,2,21,17
300000,100000,3000,"zipf3000",17,2,22,24
300000,100000,3000,"zipf3000",17,2,23,18
300000,100000,3000,"zipf3000",17,2,24,12
300000,100000,3000,"zipf3000",17,2,25,17
300000,100000,3000,"zipf3000",17,2,26,8
300000,100000,3000,"zipf3000",17,2,27,17
300000,100000,3000,"zipf3000",17,2,28,8
300000,100000,3000,"zipf3000",17,2,29,9
300000,100000,3000,"zipf3000",17,2,30,11
300000,100000,3000,"zipf3000",17,2,31,11
300000,100000,3000,"zipf3000",17,2,32,8
300000,100000,3000,"zipf3000",17,2,33,8
300000,100000,3000,"zipf3000",17,2,34,12
300000,100000,3000,"zipf3000",17,2,35,8
300000,100000,3000,"zipf3000",17,2,36,15
300000,100000,3000,"zipf3000",17,2,37,8
300000,100000,3000,"zipf3000",17,2,38,11
300000,100000,3000,"zipf3000",17,2,39,7
300000,100000,3000,"zipf3000",17,2,40,13
300000,100000,3000,"zipf3000",17,2,41,4
300000,100000,3000,"zipf3000",17,2,42,9
300000,100000,3000,"zipf3000",17,2,43,6
300000,100000,3000,"zipf3000",17,2,44,4
300000,100000,3000,"zipf3000",17,2,45,4
300000,100000,3000,"zipf3000",17,2,46,6
300000,100000,3000,"zipf3000",17,2,47,8
300000,100000,3000,"zipf3000",17,2,48,1
300000,100000,3000,"zipf3000",17,2,49,1
300000,100000,3000,"zipf3000",17,2,50,4
300000,100000,3000,"zipf3000",17,2,51,6
300000,100000,3000,"zipf3000",17,2,52,2
300000,100000,3000,"zipf3000",17,2,53,2
300000,100000,3000,"zipf3000",17,2,54,3
300000,100000,3000,"zipf3000",17,2,55,1
300000,100000,3000,"zipf3000",17,2,56,5
300000,100000,3000,"zipf3000",17,2,57,2
300000,100000,3000,"zipf3000",17,2,58,2
300000,100000,3000,"zipf3000",17,2,60,3
300000,100000,3000,"zipf3000",17,2,61,2
300000,100000,3000,"zipf3000",17,2,62,6
300000,100000,3000,"zipf3000",17,2,63,1
300000,100000,3000,"zipf3000",17,2,64,5
300000,100000,3000,"zipf3000",17,2,65,4
300000,100000,3000,"zipf3000",17,2,66,4
300000,100000,3000,"zipf3000",17,2,67,2
300000,100000,3000,"zipf3000",17,2,68,3
300000,100000,3000,"zipf3000",17,2,69,3
300000,100000,3000,"zipf3000",17,2,71,3
300000,100000,3000,"zipf3000",17,2,72,3
300000,100000,3000,"zipf3000",17,2,73,2
300000,100000,3000,"zipf3000",17,2,74,1
300000,100000,3000,"zipf3000",17,2,75,3
300000,100000,3000,"zipf3000",17,2,77,1
300000,100000,3000,"zipf3000",17,2,78,1
300000,100000,3000,"zipf3000",17,2,79,2
300000,100000,3000,"zipf3000",17,2,80,2
300000,100000,3000,"zipf3000",17,2,81,1
300000,100000,3000,"zipf3000",17,2,82,1
300000,100000,3000,"zipf3000",17,2,83,1
300000,100000,3000,"zipf3000",17,2,84,1
300000,100000,3000,"zipf3000",17,2,87,3
300000,100000,3000,"zipf3000",17,2,88,1
300000,100000,3000,"zipf3000",17,2,89,3
300000,100000,3000,"zipf3000",17,2,92,1
300000,100000,3000,"zipf3000",17,2,93,1
300000,100000,3000,"zipf3000",17,2,94,1
300000,100000,3000,"zipf3000",17,2,95,2
300000,100000,3000,"zipf3000",17,2,96,1
300000,100000,3000,"zipf3000",17,2,98,1
300000,100000,3000,"zipf3000",17,2,102,1
300000,100000,3000,"zipf3000",17,2,104,2
300000,100000,3000,"zipf3000",17,2,105,2
300000,100000,3000,"zipf3000",17,2,106,1
300000,100000,3000,"zipf3000",17,2,107,3
300000,100000,3000,"zipf3000",17,2,111,2
300000,100000,3000,"zipf3000",17,2,112,1
300000,100000,3000,"zipf3000",17,2,113,1
300000,100000,3000,"zipf3000",17,2,114,3
300000,100000,3000,"zipf3000",17,2,116,1
300000,100000,3000,"zipf3000",17,2,117,1
300000,100000,3000,"zipf3000",17,2,120,2
300000,100000,3000,"zipf3000",17,2,123,1
300000,100000,3000,"zipf3000",17,2,126,1
300000,100000,3000,"zipf3000",17,2,127,1
300000,100000,3000,"zipf3000",17,2,129,2
300000,100000,3000,"zipf3000",17,2,130,1
300000,100000,3000,"zipf3000",17,2,136,1
300000,100000,3000,"zipf3000",17,2,139,1
300000,100000,3000,"zipf3000",17,2,140,2
300000,100000,3000,"zipf3000",17,2,143,1
300000,100000,3000,"zipf3000",17,2,150,1
300000,100000,3000,"zipf3000",17,2,151,1
300000,100000,3000,"zipf3000",17,2,154,1
300000,100000,3000,"zipf3000",17,2,156,3
300000,100000,3000,"zipf3000",17,2,157,1
300000,100000,3000,"zipf3000",17,2,160,1
300000,100000,3000,"zipf3000",17,2,162,2
300000,100000,3000,"zipf3000",17,2,165,1
300000,100000,3000,"zipf3000",17,2,169,1
300000,100000,3000,"zipf3000",17,2,171,1
300000,100000,3000,"zipf3000",17,2,174,1
300000,100000,3000,"zipf3000",17,2,178,1
300000,100000,3000,"zipf3000",17,2,180,1
300000,100000,3000,"zipf3000",17,2,181,1
300000,100000,3000,"zipf3000",17,2,183,2
300000,100000,3000,"zipf3000",17,2,187,1
300000,100000,3000,"zipf3000",17,2,191,3
300000,100000,3000,"zipf3000",17,2,195,1
300000,100000,3000,"zipf3000",17,2,197,3
300000,100000,3000,"zipf3000",17,2,202,1
300000,100000,3000,"zipf3000",17,2,204,1
300000,100000,3000,"zipf3000",17,2,207,1
300000,100000,3000,"zipf3000",17,2,209,2
300000,100000,3000,"zipf3000",17,2,211,1
300000,100000,3000,"zipf3000",17,2,214,2
300000,100000,3000,"zipf3000",17,2,225,1
300000,100000,3000,"zipf3000",17,2,230,1
300000,100000,3000,"zipf3000",17,2,236,1
300000,100000,3000,"zipf3000",17,2,240,1
300000,100000,3000,"zipf3000",17,2,243,1
300000,100000,3000,"zipf3000",17,2,250,2
300000,100000,3000,"zipf3000",17,2,257,1
300000,100000,3000,"zipf3000",17,2,264,1
300000,100000,3000,"zipf3000",17,2,268,2
300000,100000,3000,"zipf3000",17,2,272,1
300000,100000,3000,"zipf3000",17,2,310,1
300000,100000,3000,"zipf3000",17,2,327,1
300000,100000,3000,"zipf3000",17,2,352,2
300000,100000,3000,"zipf3000",17,2,359,2
300000,100000,3000,"zipf3000",17,2,367,1
300000,100000,3000,"zipf3000",17,2,399,1
300000,100000,3000,"zipf3000",17,2,409,1
300000,100000,3000,"zipf3000",17,2,473,1
300000,100000,3000,"zipf3000",17,2,486,2
300000,100000,3000,"zipf3000",17,2,499,1
300000,100000,3000,"zipf3000",17,2,561,1
300000,100000,3000,"zipf3000",17,2,718,1
300000,100000,3000,"zipf3000",17,2,780,2
300000,100000,3000,"zipf3000",17,2,855,1
300000,100000,3000,"zipf3000",17,2,996,1
300000,100000,3000,"zipf3000",17,2,1195,1
300000,100000,3000,"zipf3000",17,2,1377,4
300000,100000,3000,"zipf3000",17,4,0,299556
300000,100000,3000,"zipf3000",17,4,5,10
300000,100000,3000,"zipf3000",17,4,6,48
300000,100000,3000,"zipf3000",17,4,7,52
300000,100000,3000,"zipf3000",17,4,8,38
300000,100000,3000,"zipf3000",17,4,9,32
300000,100000,3000,"zipf3000",17,4,10,23
300000,100000,3000,"zipf3000",17,4,11,24
300000,100000,3000,"zipf3000",17,4,12,18
300000,100000,3000,"zipf3000",17,4,13,9
300000,100000,3000,"zipf3000",17,4,14,11
300000,100000,3000,"zipf3000",17,4,15,8
300000,100000,3000,"zipf3000",17,4,16,12
300000,100000,3000,"zipf3000",17,4,17,6
300000,100000,3000,"zipf3000",17,4,18,9
300000,100000,3000,"zipf3000",17,4,19,11
300000,100000,3000,"zipf3000",17,4,20,7
300000,100000,3000,"zipf3000",17,4,21,4
300000,100000,3000,"zipf3000",17,4,22,2
300000,100000,3000,"zipf3000",17,4,23,4
300000,100000,3000,"zipf3000",17,4,24,8
300000,100000,3000,"zipf3000",17,4,26,3
300000,100000,3000,"zipf3000",17,4,27,4
300000,100000,3000,"zipf3000",17,4,28,3
300000,100000,3000,"zipf3000",17,4,29,2
300000,100000,3000,"zipf3000",17,4,31,6
300000,100000,3000,"zipf3000",17,4,32,2
300000,100000,3000,"zipf3000",17,4,33,5
300000,100000,3000,"zipf3000",17,4,34,1
300000,100000,3000,"zipf3000",17,4,35,5
300000,100000,3000,"zipf3000",17,4,36,3
300000,100000,3000,"zipf3000",17,4,38,3
300000,100000,3000,"zipf3000",17,4,42,2
300000,100000,3000,"zipf3000",17,4,43,1
300000,100000,3000,"zipf3000",17,4,44,2
300000,100000,3000,"zipf3000",17,4,46,1
300000,100000,3000,"zipf3000",17,4,47,1
300000,100000,3000,"zipf3000",17,4,49,2
300000,100000,3000,"zipf3000",17,4,51,1
300000,100000,3000,"zipf3000",17,4,53,1
300000,100000,3000,"zipf3000",17,4,56,1
300000,100000,3000,"zipf3000",17,4,58,1
300000,100000,3000,"zipf3000",17,4,60,2
300000,100000,3000,"zipf3000",17,4,61,1
300000,100000,3000,"zipf3000",17,4,62,1
300000,100000,3000,"zipf3000",17,4,64,1
300000,100000,3000,"zipf3000",17,4,66,1
300000,100000,3000,"zipf3000",17,4,67,4
300000,100000,3000,"zipf3000",17,4,68,1
300000,100000,3000,"zipf3000",17,4,71,1
300000,100000,3000,"zipf3000",17,4,74,2
300000,100000,3000,"zipf3000",17,4,75,1
300000,100000,3000,"zipf3000",17,4,77,2
300000,100000,3000,"zipf3000",17,4,82,2
300000,100000,3000,"zipf3000",17,4,83,3
300000,100000,3000,"zipf3000",17,4,86,1
300000,100000,3000,"zipf3000",17,4,94,2
300000,100000,3000,"zipf3000",17,4,96,1
300000,100000,3000,"zipf3000",17,4,97,1
300000,100000,3000,"zipf3000",17,4,113,1
300000,100000,3000,"zipf3000",17,4,128,1
300000,100000,3000,"zipf3000",17,4,129,1
300000,100000,3000,"zipf3000",17,4,145,1
300000,100000,3000,"zipf3000",17,4,150,1
300000,100000,3000,"zipf3000",17,4,204,1
300000,100000,3000,"zipf3000",17,4,207,1
300000,100000,3000,"zipf3000",17,4,211,1
300000,100000,3000,"zipf3000",17,4,240,1
300000,100000,3000,"zipf3000",17,4,243,1
300000,100000,3000,"zipf3000",17,4,315,2
300000,100000,3000,"zipf3000",17,4,321,1
300000,100000,3000,"zipf3000",17,4,327,1
300000,100000,3000,"zipf3000",17,4,333,1
300000,100000,3000,"zipf3000",17,4,339,1
300000,100000,3000,"zipf3000",17,4,382,1
300000,100000,3000,"zipf3000",17,4,409,1
300000,100000,3000,"zipf3000",17,4,428,1
300000,100000,3000,"zipf3000",17,4,473,1
300000,100000,3000,"zipf3000",17,4,499,2
300000,100000,3000,"zipf3000",17,4,561,2
300000,100000,3000,"zipf3000",17,4,642,1
300000,100000,3000,"zipf3000",17,4,718,1
300000,100000,3000,"zipf3000",17,4,996,1
300000,100000,3000,"zipf3000",17,4,1279,1
300000,100000,3000,"zipf3000",17,4,1377,3
300000,100000,3000,"zipf3000",17,8,0,299976
300000,100000,3000,"zipf3000",17,8,6,1
300000,100000,3000,"zipf3000",17,8,7,3
300000,100000,3000,"zipf3000",17,8,8,4
300000,100000,3000,"zipf3000",17,8,9,1
300000,100000,3000,"zipf3000",17,8,10,2
300000,100000,3000,"zipf3000",17,8,15,1
300000,100000,3000,"zipf3000",17,8,16,1
300000,100000,3000,"zipf3000",17,8,17,1
300000,100000,3000,"zipf3000",17,8,20,1
300000,100000,3000,"zipf3000",17,8,22,1
300000,100000,3000,"zipf3000",17,8,26,1
300000,100000,3000,"zipf3000",17,8,27,1
300000,100000,3000,"zipf3000",17,8,30,1
300000,100000,3000,"zipf3000",17,8,40,1
300000,100000,3000,"zipf3000",17,8,41,1
300000,100000,3000,"zipf3000",17,8,56,1
300000,100000,3000,"zipf3000",17,8,72,1
300000,100000,3000,"zipf3000",17,8,346,1
300000,100000,3000,"zipf3000",17,16,0,300000
